USE `school_management_system`;

-- class room -------------------------------------------------------

INSERT INTO `class_room` (`id`, `name`) VALUES (1, 'q');
INSERT INTO `class_room` (`id`, `name`) VALUES (2, 'v');
INSERT INTO `class_room` (`id`, `name`) VALUES (3, 'd');
INSERT INTO `class_room` (`id`, `name`) VALUES (4, 'e');
INSERT INTO `class_room` (`id`, `name`) VALUES (5, 'a');
INSERT INTO `class_room` (`id`, `name`) VALUES (6, 'r');
INSERT INTO `class_room` (`id`, `name`) VALUES (7, 'h');
INSERT INTO `class_room` (`id`, `name`) VALUES (8, 'g');
INSERT INTO `class_room` (`id`, `name`) VALUES (9, 'c');
INSERT INTO `class_room` (`id`, `name`) VALUES (10, 'm');

-- dats ----------------------------------------------------


INSERT INTO `day` (`id`, `name`) VALUES (1, 'Friday');
INSERT INTO `day` (`id`, `name`) VALUES (2, 'Tuesday');
INSERT INTO `day` (`id`, `name`) VALUES (3, 'Sunday');
INSERT INTO `day` (`id`, `name`) VALUES (4, 'Wednesday');
INSERT INTO `day` (`id`, `name`) VALUES (5, 'Saturday');
INSERT INTO `day` (`id`, `name`) VALUES (6, 'Thursday');
INSERT INTO `day` (`id`, `name`) VALUES (7, 'Monday');

-- time slote ------------------------------------------------------------

INSERT INTO `time_slote` (`id`, `start_time`, `end_time`) VALUES (1, '00:14:02', '00:35:01');
INSERT INTO `time_slote` (`id`, `start_time`, `end_time`) VALUES (2, '03:09:38', '01:04:28');
INSERT INTO `time_slote` (`id`, `start_time`, `end_time`) VALUES (3, '18:01:20', '04:33:10');
INSERT INTO `time_slote` (`id`, `start_time`, `end_time`) VALUES (4, '16:15:38', '07:40:30');
INSERT INTO `time_slote` (`id`, `start_time`, `end_time`) VALUES (5, '16:36:40', '04:07:07');
INSERT INTO `time_slote` (`id`, `start_time`, `end_time`) VALUES (6, '11:48:39', '18:20:37');
INSERT INTO `time_slote` (`id`, `start_time`, `end_time`) VALUES (7, '23:13:55', '18:38:17');
INSERT INTO `time_slote` (`id`, `start_time`, `end_time`) VALUES (8, '16:44:48', '16:44:59');

-- exam -----------------------------------------------------------


INSERT INTO `exam` (`exam_code`, `exam_name`) VALUES ('1', 'deleniti');
INSERT INTO `exam` (`exam_code`, `exam_name`) VALUES ('2', 'quod');
INSERT INTO `exam` (`exam_code`, `exam_name`) VALUES ('3', 'voluptas');
INSERT INTO `exam` (`exam_code`, `exam_name`) VALUES ('5', 'consequatur');
INSERT INTO `exam` (`exam_code`, `exam_name`) VALUES ('6', 'consequuntur');
INSERT INTO `exam` (`exam_code`, `exam_name`) VALUES ('8', 'a');

-- leave_method_ -------------------------------------------------------------

INSERT INTO `leave_method` (`leave_method_id`, `name`) VALUES (1, 'possimus');
INSERT INTO `leave_method` (`leave_method_id`, `name`) VALUES (2, 'sint');
INSERT INTO `leave_method` (`leave_method_id`, `name`) VALUES (3, 'numquam');
INSERT INTO `leave_method` (`leave_method_id`, `name`) VALUES (4, 'id');
INSERT INTO `leave_method` (`leave_method_id`, `name`) VALUES (5, 'eaque');
INSERT INTO `leave_method` (`leave_method_id`, `name`) VALUES (6, 'molestiae');
INSERT INTO `leave_method` (`leave_method_id`, `name`) VALUES (7, 'cumque');
INSERT INTO `leave_method` (`leave_method_id`, `name`) VALUES (8, 'voluptatum');
INSERT INTO `leave_method` (`leave_method_id`, `name`) VALUES (9, 'ab');
INSERT INTO `leave_method` (`leave_method_id`, `name`) VALUES (10, 'et');
INSERT INTO `leave_method` (`leave_method_id`, `name`) VALUES (11, 'quis');
INSERT INTO `leave_method` (`leave_method_id`, `name`) VALUES (12, 'reprehenderit');
INSERT INTO `leave_method` (`leave_method_id`, `name`) VALUES (13, 'repellendus');
INSERT INTO `leave_method` (`leave_method_id`, `name`) VALUES (14, 'doloribus');
INSERT INTO `leave_method` (`leave_method_id`, `name`) VALUES (15, 'nulla');
INSERT INTO `leave_method` (`leave_method_id`, `name`) VALUES (16, 'unde');
INSERT INTO `leave_method` (`leave_method_id`, `name`) VALUES (17, 'vero');
INSERT INTO `leave_method` (`leave_method_id`, `name`) VALUES (18, 'dolore');
INSERT INTO `leave_method` (`leave_method_id`, `name`) VALUES (19, 'sit');
INSERT INTO `leave_method` (`leave_method_id`, `name`) VALUES (20, 'est');
INSERT INTO `leave_method` (`leave_method_id`, `name`) VALUES (21, 'velit');
INSERT INTO `leave_method` (`leave_method_id`, `name`) VALUES (22, 'dicta');
INSERT INTO `leave_method` (`leave_method_id`, `name`) VALUES (23, 'vel');
INSERT INTO `leave_method` (`leave_method_id`, `name`) VALUES (24, 'ex');
INSERT INTO `leave_method` (`leave_method_id`, `name`) VALUES (25, 'esse');
INSERT INTO `leave_method` (`leave_method_id`, `name`) VALUES (26, 'repellat');
INSERT INTO `leave_method` (`leave_method_id`, `name`) VALUES (27, 'perferendis');
INSERT INTO `leave_method` (`leave_method_id`, `name`) VALUES (28, 'dolores');
INSERT INTO `leave_method` (`leave_method_id`, `name`) VALUES (29, 'sed');
INSERT INTO `leave_method` (`leave_method_id`, `name`) VALUES (30, 'distinctio');
INSERT INTO `leave_method` (`leave_method_id`, `name`) VALUES (31, 'occaecati');
INSERT INTO `leave_method` (`leave_method_id`, `name`) VALUES (32, 'vitae');
INSERT INTO `leave_method` (`leave_method_id`, `name`) VALUES (33, 'debitis');
INSERT INTO `leave_method` (`leave_method_id`, `name`) VALUES (34, 'ut');
INSERT INTO `leave_method` (`leave_method_id`, `name`) VALUES (35, 'reiciendis');
INSERT INTO `leave_method` (`leave_method_id`, `name`) VALUES (36, 'aut');
INSERT INTO `leave_method` (`leave_method_id`, `name`) VALUES (37, 'iusto');
INSERT INTO `leave_method` (`leave_method_id`, `name`) VALUES (38, 'quos');
INSERT INTO `leave_method` (`leave_method_id`, `name`) VALUES (39, 'facilis');
INSERT INTO `leave_method` (`leave_method_id`, `name`) VALUES (40, 'cum');
INSERT INTO `leave_method` (`leave_method_id`, `name`) VALUES (41, 'corrupti');
INSERT INTO `leave_method` (`leave_method_id`, `name`) VALUES (42, 'officia');
INSERT INTO `leave_method` (`leave_method_id`, `name`) VALUES (43, 'voluptates');
INSERT INTO `leave_method` (`leave_method_id`, `name`) VALUES (44, 'beatae');
INSERT INTO `leave_method` (`leave_method_id`, `name`) VALUES (45, 'neque');
INSERT INTO `leave_method` (`leave_method_id`, `name`) VALUES (46, 'voluptate');
INSERT INTO `leave_method` (`leave_method_id`, `name`) VALUES (47, 'alias');
INSERT INTO `leave_method` (`leave_method_id`, `name`) VALUES (48, 'omnis');
INSERT INTO `leave_method` (`leave_method_id`, `name`) VALUES (49, 'molestias');
INSERT INTO `leave_method` (`leave_method_id`, `name`) VALUES (50, 'eos');
INSERT INTO `leave_method` (`leave_method_id`, `name`) VALUES (51, 'minima');
INSERT INTO `leave_method` (`leave_method_id`, `name`) VALUES (52, 'facere');
INSERT INTO `leave_method` (`leave_method_id`, `name`) VALUES (53, 'eum');
INSERT INTO `leave_method` (`leave_method_id`, `name`) VALUES (54, 'eligendi');
INSERT INTO `leave_method` (`leave_method_id`, `name`) VALUES (55, 'iste');
INSERT INTO `leave_method` (`leave_method_id`, `name`) VALUES (56, 'maiores');
INSERT INTO `leave_method` (`leave_method_id`, `name`) VALUES (57, 'non');
INSERT INTO `leave_method` (`leave_method_id`, `name`) VALUES (58, 'voluptatem');
INSERT INTO `leave_method` (`leave_method_id`, `name`) VALUES (59, 'consectetur');
INSERT INTO `leave_method` (`leave_method_id`, `name`) VALUES (60, 'autem');
INSERT INTO `leave_method` (`leave_method_id`, `name`) VALUES (61, 'placeat');
INSERT INTO `leave_method` (`leave_method_id`, `name`) VALUES (62, 'nihil');
INSERT INTO `leave_method` (`leave_method_id`, `name`) VALUES (63, 'amet');
INSERT INTO `leave_method` (`leave_method_id`, `name`) VALUES (64, 'quasi');
INSERT INTO `leave_method` (`leave_method_id`, `name`) VALUES (65, 'assumenda');
INSERT INTO `leave_method` (`leave_method_id`, `name`) VALUES (66, 'dolorum');
INSERT INTO `leave_method` (`leave_method_id`, `name`) VALUES (67, 'doloremque');
INSERT INTO `leave_method` (`leave_method_id`, `name`) VALUES (68, 'ipsum');
INSERT INTO `leave_method` (`leave_method_id`, `name`) VALUES (69, 'delectus');
INSERT INTO `leave_method` (`leave_method_id`, `name`) VALUES (70, 'voluptas');
INSERT INTO `leave_method` (`leave_method_id`, `name`) VALUES (71, 'enim');
INSERT INTO `leave_method` (`leave_method_id`, `name`) VALUES (72, 'qui');
INSERT INTO `leave_method` (`leave_method_id`, `name`) VALUES (73, 'impedit');
INSERT INTO `leave_method` (`leave_method_id`, `name`) VALUES (74, 'eveniet');
INSERT INTO `leave_method` (`leave_method_id`, `name`) VALUES (75, 'expedita');
INSERT INTO `leave_method` (`leave_method_id`, `name`) VALUES (76, 'corporis');
INSERT INTO `leave_method` (`leave_method_id`, `name`) VALUES (77, 'aspernatur');
INSERT INTO `leave_method` (`leave_method_id`, `name`) VALUES (78, 'tenetur');
INSERT INTO `leave_method` (`leave_method_id`, `name`) VALUES (79, 'totam');
INSERT INTO `leave_method` (`leave_method_id`, `name`) VALUES (80, 'soluta');
INSERT INTO `leave_method` (`leave_method_id`, `name`) VALUES (81, 'saepe');
INSERT INTO `leave_method` (`leave_method_id`, `name`) VALUES (82, 'magni');
INSERT INTO `leave_method` (`leave_method_id`, `name`) VALUES (83, 'ipsam');
INSERT INTO `leave_method` (`leave_method_id`, `name`) VALUES (84, 'provident');
INSERT INTO `leave_method` (`leave_method_id`, `name`) VALUES (85, 'consequatur');
INSERT INTO `leave_method` (`leave_method_id`, `name`) VALUES (86, 'blanditiis');
INSERT INTO `leave_method` (`leave_method_id`, `name`) VALUES (87, 'ea');
INSERT INTO `leave_method` (`leave_method_id`, `name`) VALUES (88, 'culpa');
INSERT INTO `leave_method` (`leave_method_id`, `name`) VALUES (89, 'illum');
INSERT INTO `leave_method` (`leave_method_id`, `name`) VALUES (90, 'tempora');
INSERT INTO `leave_method` (`leave_method_id`, `name`) VALUES (91, 'error');
INSERT INTO `leave_method` (`leave_method_id`, `name`) VALUES (92, 'aliquam');
INSERT INTO `leave_method` (`leave_method_id`, `name`) VALUES (93, 'quidem');
INSERT INTO `leave_method` (`leave_method_id`, `name`) VALUES (94, 'at');
INSERT INTO `leave_method` (`leave_method_id`, `name`) VALUES (95, 'quisquam');
INSERT INTO `leave_method` (`leave_method_id`, `name`) VALUES (96, 'cupiditate');
INSERT INTO `leave_method` (`leave_method_id`, `name`) VALUES (97, 'mollitia');
INSERT INTO `leave_method` (`leave_method_id`, `name`) VALUES (98, 'sunt');
INSERT INTO `leave_method` (`leave_method_id`, `name`) VALUES (99, 'sapiente');
INSERT INTO `leave_method` (`leave_method_id`, `name`) VALUES (100, 'modi');

-- positions -----------------------------------------------------------------------

INSERT INTO `position` (`id`, `name`) VALUES (1, 'ton');
INSERT INTO `position` (`id`, `name`) VALUES (2, 'chester');
INSERT INTO `position` (`id`, `name`) VALUES (3, 'stad');
INSERT INTO `position` (`id`, `name`) VALUES (4, 'fort');
INSERT INTO `position` (`id`, `name`) VALUES (5, 'furt');
INSERT INTO `position` (`id`, `name`) VALUES (6, 'shire');
INSERT INTO `position` (`id`, `name`) VALUES (7, 'land');
INSERT INTO `position` (`id`, `name`) VALUES (8, 'berg');
INSERT INTO `position` (`id`, `name`) VALUES (9, 'mouth');
INSERT INTO `position` (`id`, `name`) VALUES (10, 'ville');

-- subjects ----------------------------------------------------------------------
INSERT INTO `subject` (`subject_code`, `subject_name`) VALUES (1, 'Bernie Murazik');
INSERT INTO `subject` (`subject_code`, `subject_name`) VALUES (2, 'Rosendo Rolfson');
INSERT INTO `subject` (`subject_code`, `subject_name`) VALUES (3, 'Carleton Murazik');
INSERT INTO `subject` (`subject_code`, `subject_name`) VALUES (4, 'Durward Goodwin');
INSERT INTO `subject` (`subject_code`, `subject_name`) VALUES (5, 'Zena Roob');
INSERT INTO `subject` (`subject_code`, `subject_name`) VALUES (6, 'Mr. Emory Crona');
INSERT INTO `subject` (`subject_code`, `subject_name`) VALUES (7, 'Susana Jakubowski');
INSERT INTO `subject` (`subject_code`, `subject_name`) VALUES (8, 'Crystal Johnson Sr.');
INSERT INTO `subject` (`subject_code`, `subject_name`) VALUES (9, 'Prof. Kennedy Beatty II');
INSERT INTO `subject` (`subject_code`, `subject_name`) VALUES (10, 'Crystel Koepp');
INSERT INTO `subject` (`subject_code`, `subject_name`) VALUES (11, 'Sylvan Hammes');
INSERT INTO `subject` (`subject_code`, `subject_name`) VALUES (12, 'Dr. Abby Fisher PhD');
INSERT INTO `subject` (`subject_code`, `subject_name`) VALUES (13, 'Norwood Considine II');
INSERT INTO `subject` (`subject_code`, `subject_name`) VALUES (14, 'Malika Streich DDS');
INSERT INTO `subject` (`subject_code`, `subject_name`) VALUES (15, 'Miss Palma Boehm Jr.');
INSERT INTO `subject` (`subject_code`, `subject_name`) VALUES (16, 'Bonita Schulist');
INSERT INTO `subject` (`subject_code`, `subject_name`) VALUES (17, 'Fabiola Crist');
INSERT INTO `subject` (`subject_code`, `subject_name`) VALUES (18, 'Nikolas Schinner');
INSERT INTO `subject` (`subject_code`, `subject_name`) VALUES (19, 'Maria Krajcik');
INSERT INTO `subject` (`subject_code`, `subject_name`) VALUES (20, 'Rebecca Kshlerin');
INSERT INTO `subject` (`subject_code`, `subject_name`) VALUES (21, 'Tracey Reichert III');
INSERT INTO `subject` (`subject_code`, `subject_name`) VALUES (22, 'Sammie Kovacek');
INSERT INTO `subject` (`subject_code`, `subject_name`) VALUES (23, 'Lily Pfannerstill');
INSERT INTO `subject` (`subject_code`, `subject_name`) VALUES (24, 'Dr. Kaya Pfeffer');
INSERT INTO `subject` (`subject_code`, `subject_name`) VALUES (25, 'Emmy Reichel');
INSERT INTO `subject` (`subject_code`, `subject_name`) VALUES (26, 'Ed Bahringer');
INSERT INTO `subject` (`subject_code`, `subject_name`) VALUES (27, 'Marian Bashirian');
INSERT INTO `subject` (`subject_code`, `subject_name`) VALUES (28, 'Haylee Donnelly');
INSERT INTO `subject` (`subject_code`, `subject_name`) VALUES (29, 'Ransom Kuvalis');
INSERT INTO `subject` (`subject_code`, `subject_name`) VALUES (30, 'Prof. April Roob IV');
INSERT INTO `subject` (`subject_code`, `subject_name`) VALUES (31, 'Lonie Hessel');
INSERT INTO `subject` (`subject_code`, `subject_name`) VALUES (32, 'Dr. Keshaun Schaden');
INSERT INTO `subject` (`subject_code`, `subject_name`) VALUES (33, 'Dr. Moses Bailey');
INSERT INTO `subject` (`subject_code`, `subject_name`) VALUES (34, 'Mr. Marquis Dare');
INSERT INTO `subject` (`subject_code`, `subject_name`) VALUES (35, 'Fleta Wintheiser II');
INSERT INTO `subject` (`subject_code`, `subject_name`) VALUES (36, 'Prof. Mackenzie Abernathy');
INSERT INTO `subject` (`subject_code`, `subject_name`) VALUES (37, 'Dortha Thiel Sr.');
INSERT INTO `subject` (`subject_code`, `subject_name`) VALUES (38, 'Kristian Bergstrom II');
INSERT INTO `subject` (`subject_code`, `subject_name`) VALUES (39, 'Lacy Rolfson');
INSERT INTO `subject` (`subject_code`, `subject_name`) VALUES (40, 'Dr. Boris Konopelski DVM');
INSERT INTO `subject` (`subject_code`, `subject_name`) VALUES (41, 'Mr. Isaias Eichmann');
INSERT INTO `subject` (`subject_code`, `subject_name`) VALUES (42, 'Solon Greenfelder PhD');
INSERT INTO `subject` (`subject_code`, `subject_name`) VALUES (43, 'Enoch Spencer');
INSERT INTO `subject` (`subject_code`, `subject_name`) VALUES (44, 'Mr. Colin Kovacek IV');
INSERT INTO `subject` (`subject_code`, `subject_name`) VALUES (45, 'Freddy Cummerata V');
INSERT INTO `subject` (`subject_code`, `subject_name`) VALUES (46, 'Kolby Boyle');
INSERT INTO `subject` (`subject_code`, `subject_name`) VALUES (47, 'Ms. Ernestine Gutkowski PhD');
INSERT INTO `subject` (`subject_code`, `subject_name`) VALUES (48, 'Elmer Watsica');
INSERT INTO `subject` (`subject_code`, `subject_name`) VALUES (49, 'Mrs. Burdette Koss III');
INSERT INTO `subject` (`subject_code`, `subject_name`) VALUES (50, 'Victor Spencer');
INSERT INTO `subject` (`subject_code`, `subject_name`) VALUES (51, 'Dr. Chad Kulas');
INSERT INTO `subject` (`subject_code`, `subject_name`) VALUES (52, 'Prof. Dax Stoltenberg');
INSERT INTO `subject` (`subject_code`, `subject_name`) VALUES (53, 'Tracey Schiller');
INSERT INTO `subject` (`subject_code`, `subject_name`) VALUES (54, 'Brandt Kutch');
INSERT INTO `subject` (`subject_code`, `subject_name`) VALUES (55, 'Orpha Roob');
INSERT INTO `subject` (`subject_code`, `subject_name`) VALUES (56, 'Dagmar Boehm');
INSERT INTO `subject` (`subject_code`, `subject_name`) VALUES (57, 'Garry Rosenbaum');
INSERT INTO `subject` (`subject_code`, `subject_name`) VALUES (58, 'Prof. Cristian Adams');
INSERT INTO `subject` (`subject_code`, `subject_name`) VALUES (59, 'Lolita Bogan');
INSERT INTO `subject` (`subject_code`, `subject_name`) VALUES (60, 'Dr. Richmond Rath II');
INSERT INTO `subject` (`subject_code`, `subject_name`) VALUES (61, 'Mr. Saul Wisoky');
INSERT INTO `subject` (`subject_code`, `subject_name`) VALUES (62, 'Kaitlin Monahan');
INSERT INTO `subject` (`subject_code`, `subject_name`) VALUES (63, 'Marge Ziemann');
INSERT INTO `subject` (`subject_code`, `subject_name`) VALUES (64, 'Wendell Ziemann');
INSERT INTO `subject` (`subject_code`, `subject_name`) VALUES (65, 'Dr. Trudie O Conner II');
INSERT INTO `subject` (`subject_code`, `subject_name`) VALUES (66, 'Jon Jacobs DVM');
INSERT INTO `subject` (`subject_code`, `subject_name`) VALUES (67, 'Mrs. Marcia Stracke IV');
INSERT INTO `subject` (`subject_code`, `subject_name`) VALUES (68, 'Garett Kuhic');
INSERT INTO `subject` (`subject_code`, `subject_name`) VALUES (69, 'Finn McClure');
INSERT INTO `subject` (`subject_code`, `subject_name`) VALUES (70, 'Mr. Lambert Bruen');
INSERT INTO `subject` (`subject_code`, `subject_name`) VALUES (71, 'Mr. Casey Beier IV');
INSERT INTO `subject` (`subject_code`, `subject_name`) VALUES (72, 'Skyla Rohan');
INSERT INTO `subject` (`subject_code`, `subject_name`) VALUES (73, 'Mrs. Maritza Emard');
INSERT INTO `subject` (`subject_code`, `subject_name`) VALUES (74, 'Adalberto Walker');
INSERT INTO `subject` (`subject_code`, `subject_name`) VALUES (75, 'Deondre Veum');
INSERT INTO `subject` (`subject_code`, `subject_name`) VALUES (76, 'Mason Kuhn');
INSERT INTO `subject` (`subject_code`, `subject_name`) VALUES (77, 'Dr. Raegan Effertz Sr.');
INSERT INTO `subject` (`subject_code`, `subject_name`) VALUES (78, 'Howell Ruecker');
INSERT INTO `subject` (`subject_code`, `subject_name`) VALUES (79, 'Dr. Granville Gaylord II');
INSERT INTO `subject` (`subject_code`, `subject_name`) VALUES (80, 'Alden Douglas');
INSERT INTO `subject` (`subject_code`, `subject_name`) VALUES (81, 'Giovanni Schowalter Sr.');
INSERT INTO `subject` (`subject_code`, `subject_name`) VALUES (82, 'Prof. Gerson Zieme DVM');
INSERT INTO `subject` (`subject_code`, `subject_name`) VALUES (83, 'Miss Dayna O Connell PhD');
INSERT INTO `subject` (`subject_code`, `subject_name`) VALUES (84, 'Julianne Effertz');
INSERT INTO `subject` (`subject_code`, `subject_name`) VALUES (85, 'Mrs. Rae Borer');
INSERT INTO `subject` (`subject_code`, `subject_name`) VALUES (86, 'Viviane Abshire');
INSERT INTO `subject` (`subject_code`, `subject_name`) VALUES (87, 'Carlo Funk');
INSERT INTO `subject` (`subject_code`, `subject_name`) VALUES (88, 'Mr. Wilburn Walter');
INSERT INTO `subject` (`subject_code`, `subject_name`) VALUES (89, 'Oscar Morar');
INSERT INTO `subject` (`subject_code`, `subject_name`) VALUES (90, 'Nina Leffler');
INSERT INTO `subject` (`subject_code`, `subject_name`) VALUES (91, 'Madalyn Gutkowski Sr.');
INSERT INTO `subject` (`subject_code`, `subject_name`) VALUES (92, 'Ariane Goodwin PhD');
INSERT INTO `subject` (`subject_code`, `subject_name`) VALUES (93, 'Fred Kiehn');
INSERT INTO `subject` (`subject_code`, `subject_name`) VALUES (94, 'Prof. Summer Brakus');
INSERT INTO `subject` (`subject_code`, `subject_name`) VALUES (95, 'Prof. Guadalupe Mante');
INSERT INTO `subject` (`subject_code`, `subject_name`) VALUES (96, 'Shayne Bogan III');
INSERT INTO `subject` (`subject_code`, `subject_name`) VALUES (97, 'Nola Kling');
INSERT INTO `subject` (`subject_code`, `subject_name`) VALUES (98, 'Cecelia Cummerata');
INSERT INTO `subject` (`subject_code`, `subject_name`) VALUES (99, 'Tyshawn Davis MD');
INSERT INTO `subject` (`subject_code`, `subject_name`) VALUES (100, 'Natalia Hauck DDS');

-- guardian ----------------------------------------------------------------------------------

INSERT INTO `guardian` (`guardian_id`, `guardian_name`, `guardian_phone_no`) VALUES (1, 'Sarai', '047.176.85');
INSERT INTO `guardian` (`guardian_id`, `guardian_name`, `guardian_phone_no`) VALUES (2, 'Georgiana', '1-684-976-');
INSERT INTO `guardian` (`guardian_id`, `guardian_name`, `guardian_phone_no`) VALUES (3, 'Laurel', '0671147169');
INSERT INTO `guardian` (`guardian_id`, `guardian_name`, `guardian_phone_no`) VALUES (4, 'Ella', '239-278-54');
INSERT INTO `guardian` (`guardian_id`, `guardian_name`, `guardian_phone_no`) VALUES (5, 'Alanis', '+26(9)5643');
INSERT INTO `guardian` (`guardian_id`, `guardian_name`, `guardian_phone_no`) VALUES (6, 'Rosie', '613-275-80');
INSERT INTO `guardian` (`guardian_id`, `guardian_name`, `guardian_phone_no`) VALUES (7, 'Talon', '634-498-97');
INSERT INTO `guardian` (`guardian_id`, `guardian_name`, `guardian_phone_no`) VALUES (8, 'Ashly', '(816)206-9');
INSERT INTO `guardian` (`guardian_id`, `guardian_name`, `guardian_phone_no`) VALUES (9, 'Trevor', '(883)019-6');
INSERT INTO `guardian` (`guardian_id`, `guardian_name`, `guardian_phone_no`) VALUES (10, 'Clemmie', '0095913101');
INSERT INTO `guardian` (`guardian_id`, `guardian_name`, `guardian_phone_no`) VALUES (11, 'Delmer', '139-905-12');
INSERT INTO `guardian` (`guardian_id`, `guardian_name`, `guardian_phone_no`) VALUES (12, 'Abdul', '0412020469');
INSERT INTO `guardian` (`guardian_id`, `guardian_name`, `guardian_phone_no`) VALUES (13, 'Martine', '109.372.41');
INSERT INTO `guardian` (`guardian_id`, `guardian_name`, `guardian_phone_no`) VALUES (14, 'Petra', '896-955-52');
INSERT INTO `guardian` (`guardian_id`, `guardian_name`, `guardian_phone_no`) VALUES (15, 'Johnnie', '1-167-277-');
INSERT INTO `guardian` (`guardian_id`, `guardian_name`, `guardian_phone_no`) VALUES (16, 'Melvin', '659.210.11');
INSERT INTO `guardian` (`guardian_id`, `guardian_name`, `guardian_phone_no`) VALUES (17, 'Douglas', '090-999-73');
INSERT INTO `guardian` (`guardian_id`, `guardian_name`, `guardian_phone_no`) VALUES (18, 'Krystal', '(089)497-3');
INSERT INTO `guardian` (`guardian_id`, `guardian_name`, `guardian_phone_no`) VALUES (19, 'Kim', '577-456-92');
INSERT INTO `guardian` (`guardian_id`, `guardian_name`, `guardian_phone_no`) VALUES (20, 'Shakira', '244.663.26');
INSERT INTO `guardian` (`guardian_id`, `guardian_name`, `guardian_phone_no`) VALUES (21, 'Dereck', '700-528-80');
INSERT INTO `guardian` (`guardian_id`, `guardian_name`, `guardian_phone_no`) VALUES (22, 'Magnolia', '355-129-75');
INSERT INTO `guardian` (`guardian_id`, `guardian_name`, `guardian_phone_no`) VALUES (23, 'Alexa', '020-818-54');
INSERT INTO `guardian` (`guardian_id`, `guardian_name`, `guardian_phone_no`) VALUES (24, 'Lafayette', '150.754.90');
INSERT INTO `guardian` (`guardian_id`, `guardian_name`, `guardian_phone_no`) VALUES (25, 'Chanel', '763.862.16');
INSERT INTO `guardian` (`guardian_id`, `guardian_name`, `guardian_phone_no`) VALUES (26, 'Lori', '004.069.57');
INSERT INTO `guardian` (`guardian_id`, `guardian_name`, `guardian_phone_no`) VALUES (27, 'Willis', '039.728.48');
INSERT INTO `guardian` (`guardian_id`, `guardian_name`, `guardian_phone_no`) VALUES (28, 'Carole', '(160)224-1');
INSERT INTO `guardian` (`guardian_id`, `guardian_name`, `guardian_phone_no`) VALUES (29, 'Reynold', '872.664.03');
INSERT INTO `guardian` (`guardian_id`, `guardian_name`, `guardian_phone_no`) VALUES (30, 'Bo', '492.486.04');
INSERT INTO `guardian` (`guardian_id`, `guardian_name`, `guardian_phone_no`) VALUES (31, 'Camylle', '862.923.32');
INSERT INTO `guardian` (`guardian_id`, `guardian_name`, `guardian_phone_no`) VALUES (32, 'Greg', '381.581.76');
INSERT INTO `guardian` (`guardian_id`, `guardian_name`, `guardian_phone_no`) VALUES (33, 'Agustina', '1-135-983-');
INSERT INTO `guardian` (`guardian_id`, `guardian_name`, `guardian_phone_no`) VALUES (34, 'Jeanette', '634.993.56');
INSERT INTO `guardian` (`guardian_id`, `guardian_name`, `guardian_phone_no`) VALUES (35, 'Valentine', '1-229-519-');
INSERT INTO `guardian` (`guardian_id`, `guardian_name`, `guardian_phone_no`) VALUES (36, 'Michel', '125.335.27');
INSERT INTO `guardian` (`guardian_id`, `guardian_name`, `guardian_phone_no`) VALUES (37, 'Jackson', '1-828-052-');
INSERT INTO `guardian` (`guardian_id`, `guardian_name`, `guardian_phone_no`) VALUES (38, 'Zachery', '0653294282');
INSERT INTO `guardian` (`guardian_id`, `guardian_name`, `guardian_phone_no`) VALUES (39, 'Liliana', '(612)771-6');
INSERT INTO `guardian` (`guardian_id`, `guardian_name`, `guardian_phone_no`) VALUES (40, 'Kiarra', '1-559-961-');
INSERT INTO `guardian` (`guardian_id`, `guardian_name`, `guardian_phone_no`) VALUES (41, 'Herminia', '549.403.11');
INSERT INTO `guardian` (`guardian_id`, `guardian_name`, `guardian_phone_no`) VALUES (42, 'Mallory', '1-198-520-');
INSERT INTO `guardian` (`guardian_id`, `guardian_name`, `guardian_phone_no`) VALUES (43, 'Maynard', '308.388.47');
INSERT INTO `guardian` (`guardian_id`, `guardian_name`, `guardian_phone_no`) VALUES (44, 'Jacky', '1-129-884-');
INSERT INTO `guardian` (`guardian_id`, `guardian_name`, `guardian_phone_no`) VALUES (45, 'Waylon', '236-165-38');
INSERT INTO `guardian` (`guardian_id`, `guardian_name`, `guardian_phone_no`) VALUES (46, 'Francesco', '131-171-63');
INSERT INTO `guardian` (`guardian_id`, `guardian_name`, `guardian_phone_no`) VALUES (47, 'Audrey', '(687)255-4');
INSERT INTO `guardian` (`guardian_id`, `guardian_name`, `guardian_phone_no`) VALUES (48, 'Faustino', '1-546-748-');
INSERT INTO `guardian` (`guardian_id`, `guardian_name`, `guardian_phone_no`) VALUES (49, 'Melyssa', '(465)554-2');
INSERT INTO `guardian` (`guardian_id`, `guardian_name`, `guardian_phone_no`) VALUES (50, 'Chanelle', '570.504.34');
INSERT INTO `guardian` (`guardian_id`, `guardian_name`, `guardian_phone_no`) VALUES (51, 'Marcelino', '1-236-494-');
INSERT INTO `guardian` (`guardian_id`, `guardian_name`, `guardian_phone_no`) VALUES (52, 'Toni', '942.006.38');
INSERT INTO `guardian` (`guardian_id`, `guardian_name`, `guardian_phone_no`) VALUES (53, 'Gabrielle', '+97(3)8922');
INSERT INTO `guardian` (`guardian_id`, `guardian_name`, `guardian_phone_no`) VALUES (54, 'Jana', '527.871.05');
INSERT INTO `guardian` (`guardian_id`, `guardian_name`, `guardian_phone_no`) VALUES (55, 'Lavinia', '074-657-30');
INSERT INTO `guardian` (`guardian_id`, `guardian_name`, `guardian_phone_no`) VALUES (56, 'Gunnar', '+99(5)9661');
INSERT INTO `guardian` (`guardian_id`, `guardian_name`, `guardian_phone_no`) VALUES (57, 'Rosario', '1-662-606-');
INSERT INTO `guardian` (`guardian_id`, `guardian_name`, `guardian_phone_no`) VALUES (58, 'Justice', '+00(0)7572');
INSERT INTO `guardian` (`guardian_id`, `guardian_name`, `guardian_phone_no`) VALUES (59, 'Lula', '1-403-056-');
INSERT INTO `guardian` (`guardian_id`, `guardian_name`, `guardian_phone_no`) VALUES (60, 'Leann', '+36(3)9187');
INSERT INTO `guardian` (`guardian_id`, `guardian_name`, `guardian_phone_no`) VALUES (61, 'Reuben', '(106)230-0');
INSERT INTO `guardian` (`guardian_id`, `guardian_name`, `guardian_phone_no`) VALUES (62, 'Trace', '1-279-463-');
INSERT INTO `guardian` (`guardian_id`, `guardian_name`, `guardian_phone_no`) VALUES (63, 'Santos', '611.660.12');
INSERT INTO `guardian` (`guardian_id`, `guardian_name`, `guardian_phone_no`) VALUES (64, 'Preston', '0328918696');
INSERT INTO `guardian` (`guardian_id`, `guardian_name`, `guardian_phone_no`) VALUES (65, 'Jay', '203.853.35');
INSERT INTO `guardian` (`guardian_id`, `guardian_name`, `guardian_phone_no`) VALUES (66, 'Vernice', '+49(5)6375');
INSERT INTO `guardian` (`guardian_id`, `guardian_name`, `guardian_phone_no`) VALUES (67, 'Hilma', '(896)777-2');
INSERT INTO `guardian` (`guardian_id`, `guardian_name`, `guardian_phone_no`) VALUES (68, 'Reina', '0690027604');
INSERT INTO `guardian` (`guardian_id`, `guardian_name`, `guardian_phone_no`) VALUES (69, 'Nick', '938-964-49');
INSERT INTO `guardian` (`guardian_id`, `guardian_name`, `guardian_phone_no`) VALUES (70, 'Lela', '1-076-543-');
INSERT INTO `guardian` (`guardian_id`, `guardian_name`, `guardian_phone_no`) VALUES (71, 'Vanessa', '1-488-348-');
INSERT INTO `guardian` (`guardian_id`, `guardian_name`, `guardian_phone_no`) VALUES (72, 'Fatima', '+24(8)1373');
INSERT INTO `guardian` (`guardian_id`, `guardian_name`, `guardian_phone_no`) VALUES (73, 'Tania', '171.575.74');
INSERT INTO `guardian` (`guardian_id`, `guardian_name`, `guardian_phone_no`) VALUES (74, 'Rafaela', '102.630.27');
INSERT INTO `guardian` (`guardian_id`, `guardian_name`, `guardian_phone_no`) VALUES (75, 'George', '1-742-251-');
INSERT INTO `guardian` (`guardian_id`, `guardian_name`, `guardian_phone_no`) VALUES (76, 'Lynn', '1-278-766-');
INSERT INTO `guardian` (`guardian_id`, `guardian_name`, `guardian_phone_no`) VALUES (77, 'Christiana', '284-414-46');
INSERT INTO `guardian` (`guardian_id`, `guardian_name`, `guardian_phone_no`) VALUES (78, 'Agustin', '(534)105-0');
INSERT INTO `guardian` (`guardian_id`, `guardian_name`, `guardian_phone_no`) VALUES (79, 'Sydni', '1-167-769-');
INSERT INTO `guardian` (`guardian_id`, `guardian_name`, `guardian_phone_no`) VALUES (80, 'Nicholas', '296-546-79');
INSERT INTO `guardian` (`guardian_id`, `guardian_name`, `guardian_phone_no`) VALUES (81, 'Cary', '+30(0)7133');
INSERT INTO `guardian` (`guardian_id`, `guardian_name`, `guardian_phone_no`) VALUES (82, 'Orval', '922.759.29');
INSERT INTO `guardian` (`guardian_id`, `guardian_name`, `guardian_phone_no`) VALUES (83, 'Ozella', '373-843-25');
INSERT INTO `guardian` (`guardian_id`, `guardian_name`, `guardian_phone_no`) VALUES (84, 'Ryan', '(540)337-4');
INSERT INTO `guardian` (`guardian_id`, `guardian_name`, `guardian_phone_no`) VALUES (85, 'Eliane', '792-093-84');
INSERT INTO `guardian` (`guardian_id`, `guardian_name`, `guardian_phone_no`) VALUES (86, 'Katlynn', '274-753-27');
INSERT INTO `guardian` (`guardian_id`, `guardian_name`, `guardian_phone_no`) VALUES (87, 'Dina', '580-480-90');
INSERT INTO `guardian` (`guardian_id`, `guardian_name`, `guardian_phone_no`) VALUES (88, 'Emilie', '1-442-175-');
INSERT INTO `guardian` (`guardian_id`, `guardian_name`, `guardian_phone_no`) VALUES (89, 'Odie', '1-635-555-');
INSERT INTO `guardian` (`guardian_id`, `guardian_name`, `guardian_phone_no`) VALUES (90, 'Chelsie', '1-791-774-');
INSERT INTO `guardian` (`guardian_id`, `guardian_name`, `guardian_phone_no`) VALUES (91, 'Alessandro', '1-308-717-');
INSERT INTO `guardian` (`guardian_id`, `guardian_name`, `guardian_phone_no`) VALUES (92, 'Myles', '(960)670-2');
INSERT INTO `guardian` (`guardian_id`, `guardian_name`, `guardian_phone_no`) VALUES (93, 'Jaclyn', '(488)094-5');
INSERT INTO `guardian` (`guardian_id`, `guardian_name`, `guardian_phone_no`) VALUES (94, 'Molly', '(729)060-3');
INSERT INTO `guardian` (`guardian_id`, `guardian_name`, `guardian_phone_no`) VALUES (95, 'Brody', '457.524.97');
INSERT INTO `guardian` (`guardian_id`, `guardian_name`, `guardian_phone_no`) VALUES (96, 'Omari', '(052)664-5');
INSERT INTO `guardian` (`guardian_id`, `guardian_name`, `guardian_phone_no`) VALUES (97, 'Eleazar', '1-588-298-');
INSERT INTO `guardian` (`guardian_id`, `guardian_name`, `guardian_phone_no`) VALUES (98, 'Jesus', '663.836.54');
INSERT INTO `guardian` (`guardian_id`, `guardian_name`, `guardian_phone_no`) VALUES (99, 'Alexandra', '1-336-211-');
INSERT INTO `guardian` (`guardian_id`, `guardian_name`, `guardian_phone_no`) VALUES (100, 'Reymundo', '671-535-25');

-- student ---------------------------------------------------------------------------

INSERT INTO `student` (`student_admission_no`, `gender`, `student_address`, `student_date_of_birth`, `student_email`, `student_name`, `student_nationality`, `student_password`, `student_religion`, `guardian_id`) VALUES ('', 'Dr.', '708 Nelda View', '2013-09-07', 'rosemary11@example.net', 'Jarret', NULL, '', NULL, 11);
INSERT INTO `student` (`student_admission_no`, `gender`, `student_address`, `student_date_of_birth`, `student_email`, `student_name`, `student_nationality`, `student_password`, `student_religion`, `guardian_id`) VALUES ('1', 'Prof.', '9474 Kerluke Landing Apt. 572', '2015-07-04', 'tyra.stroman@example.net', 'Esteban', NULL, '324379751', NULL, 91);
INSERT INTO `student` (`student_admission_no`, `gender`, `student_address`, `student_date_of_birth`, `student_email`, `student_name`, `student_nationality`, `student_password`, `student_religion`, `guardian_id`) VALUES ('1070', 'Prof.', '704 Wunsch Heights Suite 253', '2001-08-31', 'lora.lemke@example.net', 'Eldon', NULL, '250', NULL, 79);
INSERT INTO `student` (`student_admission_no`, `gender`, `student_address`, `student_date_of_birth`, `student_email`, `student_name`, `student_nationality`, `student_password`, `student_religion`, `guardian_id`) VALUES ('13485554', 'Mr.', '3213 Xander Bypass Apt. 526', '2001-04-18', 'yblick@example.org', 'Cleve', NULL, '610457', NULL, 4);
INSERT INTO `student` (`student_admission_no`, `gender`, `student_address`, `student_date_of_birth`, `student_email`, `student_name`, `student_nationality`, `student_password`, `student_religion`, `guardian_id`) VALUES ('1375', 'Prof.', '7018 Anderson Parkway', '2018-10-11', 'maybelle.veum@example.com', 'Myrl', NULL, '941', NULL, 75);
INSERT INTO `student` (`student_admission_no`, `gender`, `student_address`, `student_date_of_birth`, `student_email`, `student_name`, `student_nationality`, `student_password`, `student_religion`, `guardian_id`) VALUES ('156817', 'Dr.', '8379 Pouros Parkways Apt. 688', '2021-12-12', 'rice.clarissa@example.net', 'Reece', NULL, '702653239', NULL, 77);
INSERT INTO `student` (`student_admission_no`, `gender`, `student_address`, `student_date_of_birth`, `student_email`, `student_name`, `student_nationality`, `student_password`, `student_religion`, `guardian_id`) VALUES ('17530', 'Dr.', '972 Funk Spur Suite 958', '1999-01-19', 'phowell@example.org', 'Johan', NULL, '75107', NULL, 14);
INSERT INTO `student` (`student_admission_no`, `gender`, `student_address`, `student_date_of_birth`, `student_email`, `student_name`, `student_nationality`, `student_password`, `student_religion`, `guardian_id`) VALUES ('18', 'Dr.', '808 Marcia Forge', '1998-06-19', 'pmiller@example.net', 'Benedict', NULL, '85', NULL, 37);
INSERT INTO `student` (`student_admission_no`, `gender`, `student_address`, `student_date_of_birth`, `student_email`, `student_name`, `student_nationality`, `student_password`, `student_religion`, `guardian_id`) VALUES ('2', 'Dr.', '31606 Parisian Orchard', '2008-02-05', 'mschimmel@example.net', 'Gregory', NULL, '2', NULL, 25);
INSERT INTO `student` (`student_admission_no`, `gender`, `student_address`, `student_date_of_birth`, `student_email`, `student_name`, `student_nationality`, `student_password`, `student_religion`, `guardian_id`) VALUES ('20', 'Ms.', '70840 Pietro Highway', '2000-12-22', 'cristopher.emard@example.net', 'Keven', NULL, '5', NULL, 76);
INSERT INTO `student` (`student_admission_no`, `gender`, `student_address`, `student_date_of_birth`, `student_email`, `student_name`, `student_nationality`, `student_password`, `student_religion`, `guardian_id`) VALUES ('227', 'Mr.', '76444 Kunze Ports', '1984-03-12', 'frederique.hoeger@example.com', 'Erich', NULL, '981097', NULL, 98);
INSERT INTO `student` (`student_admission_no`, `gender`, `student_address`, `student_date_of_birth`, `student_email`, `student_name`, `student_nationality`, `student_password`, `student_religion`, `guardian_id`) VALUES ('23', 'Prof.', '478 Haag Track Apt. 138', '1991-08-06', 'brain71@example.net', 'Braden', NULL, '5', NULL, 84);
INSERT INTO `student` (`student_admission_no`, `gender`, `student_address`, `student_date_of_birth`, `student_email`, `student_name`, `student_nationality`, `student_password`, `student_religion`, `guardian_id`) VALUES ('233', 'Ms.', '83718 Bogan Trafficway Suite 546', '2001-12-04', 'daron.nolan@example.org', 'Leland', NULL, '2', NULL, 68);
INSERT INTO `student` (`student_admission_no`, `gender`, `student_address`, `student_date_of_birth`, `student_email`, `student_name`, `student_nationality`, `student_password`, `student_religion`, `guardian_id`) VALUES ('2387', 'Ms.', '0381 Maximo View Apt. 363', '1995-11-16', 'mafalda.effertz@example.com', 'Orlo', NULL, '31475', NULL, 18);
INSERT INTO `student` (`student_admission_no`, `gender`, `student_address`, `student_date_of_birth`, `student_email`, `student_name`, `student_nationality`, `student_password`, `student_religion`, `guardian_id`) VALUES ('238716992', 'Dr.', '10225 Grant Branch', '1971-06-16', 'deja94@example.net', 'Alexis', NULL, '77975336', NULL, 93);
INSERT INTO `student` (`student_admission_no`, `gender`, `student_address`, `student_date_of_birth`, `student_email`, `student_name`, `student_nationality`, `student_password`, `student_religion`, `guardian_id`) VALUES ('275435', 'Ms.', '766 Ziemann Locks', '1994-07-22', 'mohr.verdie@example.com', 'Elwyn', NULL, '6279576', NULL, 21);
INSERT INTO `student` (`student_admission_no`, `gender`, `student_address`, `student_date_of_birth`, `student_email`, `student_name`, `student_nationality`, `student_password`, `student_religion`, `guardian_id`) VALUES ('28', 'Dr.', '4709 Jayce Place', '1996-10-20', 'weston.yost@example.com', 'Philip', NULL, '167952747', NULL, 42);
INSERT INTO `student` (`student_admission_no`, `gender`, `student_address`, `student_date_of_birth`, `student_email`, `student_name`, `student_nationality`, `student_password`, `student_religion`, `guardian_id`) VALUES ('28810', 'Prof.', '501 Virgie Drive Apt. 766', '1984-02-02', 'murphy.dudley@example.org', 'Luther', NULL, '3', NULL, 78);
INSERT INTO `student` (`student_admission_no`, `gender`, `student_address`, `student_date_of_birth`, `student_email`, `student_name`, `student_nationality`, `student_password`, `student_religion`, `guardian_id`) VALUES ('29833', 'Miss', '54026 Rosenbaum Junctions', '1982-12-30', 'tpollich@example.com', 'Bryce', NULL, '389014', NULL, 97);
INSERT INTO `student` (`student_admission_no`, `gender`, `student_address`, `student_date_of_birth`, `student_email`, `student_name`, `student_nationality`, `student_password`, `student_religion`, `guardian_id`) VALUES ('3', 'Mrs.', '0678 Friedrich River', '1987-03-06', 'willow32@example.net', 'Casimir', NULL, '7859578', NULL, 24);
INSERT INTO `student` (`student_admission_no`, `gender`, `student_address`, `student_date_of_birth`, `student_email`, `student_name`, `student_nationality`, `student_password`, `student_religion`, `guardian_id`) VALUES ('30913', 'Prof.', '30135 Arvel Loop', '1983-04-07', 'osinski.vicente@example.org', 'Jaron', NULL, '', NULL, 69);
INSERT INTO `student` (`student_admission_no`, `gender`, `student_address`, `student_date_of_birth`, `student_email`, `student_name`, `student_nationality`, `student_password`, `student_religion`, `guardian_id`) VALUES ('310', 'Prof.', '454 Aniya Falls', '2018-09-29', 'phoebe96@example.org', 'Morton', NULL, '9', NULL, 94);
INSERT INTO `student` (`student_admission_no`, `gender`, `student_address`, `student_date_of_birth`, `student_email`, `student_name`, `student_nationality`, `student_password`, `student_religion`, `guardian_id`) VALUES ('317', 'Dr.', '325 Aida Track', '1992-05-14', 'swift.agustina@example.net', 'Fredy', NULL, '62', NULL, 58);
INSERT INTO `student` (`student_admission_no`, `gender`, `student_address`, `student_date_of_birth`, `student_email`, `student_name`, `student_nationality`, `student_password`, `student_religion`, `guardian_id`) VALUES ('32613551', 'Mr.', '96471 Cormier Expressway', '2000-09-07', 'jamel01@example.org', 'Janick', NULL, '29621', NULL, 60);
INSERT INTO `student` (`student_admission_no`, `gender`, `student_address`, `student_date_of_birth`, `student_email`, `student_name`, `student_nationality`, `student_password`, `student_religion`, `guardian_id`) VALUES ('327560504', 'Dr.', '44277 Davis Crossroad', '2007-05-13', 'legros.estel@example.com', 'Jettie', NULL, '83963', NULL, 9);
INSERT INTO `student` (`student_admission_no`, `gender`, `student_address`, `student_date_of_birth`, `student_email`, `student_name`, `student_nationality`, `student_password`, `student_religion`, `guardian_id`) VALUES ('33678489', 'Dr.', '226 Jessica Place', '1998-06-08', 'davis.vaughn@example.org', 'Darian', NULL, '9', NULL, 74);
INSERT INTO `student` (`student_admission_no`, `gender`, `student_address`, `student_date_of_birth`, `student_email`, `student_name`, `student_nationality`, `student_password`, `student_religion`, `guardian_id`) VALUES ('35', 'Prof.', '77923 Jessika Court Suite 320', '2001-05-30', 'vlarson@example.com', 'Barry', NULL, '', NULL, 2);
INSERT INTO `student` (`student_admission_no`, `gender`, `student_address`, `student_date_of_birth`, `student_email`, `student_name`, `student_nationality`, `student_password`, `student_religion`, `guardian_id`) VALUES ('3504854', 'Prof.', '39109 Bergstrom Place', '2002-08-16', 'pbailey@example.net', 'Kaleigh', NULL, '189425', NULL, 64);
INSERT INTO `student` (`student_admission_no`, `gender`, `student_address`, `student_date_of_birth`, `student_email`, `student_name`, `student_nationality`, `student_password`, `student_religion`, `guardian_id`) VALUES ('36039', 'Prof.', '194 Dickinson Cape', '1987-04-06', 'alva.nitzsche@example.com', 'Janick', NULL, '56', NULL, 20);
INSERT INTO `student` (`student_admission_no`, `gender`, `student_address`, `student_date_of_birth`, `student_email`, `student_name`, `student_nationality`, `student_password`, `student_religion`, `guardian_id`) VALUES ('3678383', 'Ms.', '4180 Dejon Plain', '2001-07-08', 'lacy.romaguera@example.com', 'Julius', NULL, '20484499', NULL, 87);
INSERT INTO `student` (`student_admission_no`, `gender`, `student_address`, `student_date_of_birth`, `student_email`, `student_name`, `student_nationality`, `student_password`, `student_religion`, `guardian_id`) VALUES ('37293045', 'Prof.', '01006 Pacocha Tunnel', '2018-09-11', 'maureen.wehner@example.org', 'Leon', NULL, '8485749', NULL, 23);
INSERT INTO `student` (`student_admission_no`, `gender`, `student_address`, `student_date_of_birth`, `student_email`, `student_name`, `student_nationality`, `student_password`, `student_religion`, `guardian_id`) VALUES ('383495', 'Mr.', '58124 Powlowski Port Apt. 612', '2013-05-01', 'dach.cassie@example.org', 'Giuseppe', NULL, '9', NULL, 65);
INSERT INTO `student` (`student_admission_no`, `gender`, `student_address`, `student_date_of_birth`, `student_email`, `student_name`, `student_nationality`, `student_password`, `student_religion`, `guardian_id`) VALUES ('3966', 'Prof.', '4401 Maci Motorway Apt. 276', '2008-10-31', 'woodrow.eichmann@example.org', 'Gilberto', NULL, '3277', NULL, 45);
INSERT INTO `student` (`student_admission_no`, `gender`, `student_address`, `student_date_of_birth`, `student_email`, `student_name`, `student_nationality`, `student_password`, `student_religion`, `guardian_id`) VALUES ('398220444', 'Mr.', '6749 Fay Village Apt. 943', '1996-01-29', 'marion.lang@example.net', 'Jamison', NULL, '263531700', NULL, 41);
INSERT INTO `student` (`student_admission_no`, `gender`, `student_address`, `student_date_of_birth`, `student_email`, `student_name`, `student_nationality`, `student_password`, `student_religion`, `guardian_id`) VALUES ('4023025', 'Prof.', '36015 Aryanna Mountains Apt. 933', '1988-12-20', 'hara.sandra@example.com', 'Zack', NULL, '399516', NULL, 28);
INSERT INTO `student` (`student_admission_no`, `gender`, `student_address`, `student_date_of_birth`, `student_email`, `student_name`, `student_nationality`, `student_password`, `student_religion`, `guardian_id`) VALUES ('417553652', 'Mr.', '1210 Wallace Green Suite 354', '2005-07-05', 'brando.gaylord@example.org', 'Hector', NULL, '7', NULL, 66);
INSERT INTO `student` (`student_admission_no`, `gender`, `student_address`, `student_date_of_birth`, `student_email`, `student_name`, `student_nationality`, `student_password`, `student_religion`, `guardian_id`) VALUES ('4185673', 'Dr.', '79598 Ladarius Junction', '1993-07-24', 'barton.cayla@example.org', 'Marques', NULL, '44452759', NULL, 81);
INSERT INTO `student` (`student_admission_no`, `gender`, `student_address`, `student_date_of_birth`, `student_email`, `student_name`, `student_nationality`, `student_password`, `student_religion`, `guardian_id`) VALUES ('42', 'Mrs.', '467 Andreane Orchard', '2010-12-29', 'dillan.daniel@example.com', 'Michale', NULL, '9982', NULL, 59);
INSERT INTO `student` (`student_admission_no`, `gender`, `student_address`, `student_date_of_birth`, `student_email`, `student_name`, `student_nationality`, `student_password`, `student_religion`, `guardian_id`) VALUES ('43', 'Dr.', '454 Wilkinson Gateway Suite 641', '1981-09-21', 'qleannon@example.org', 'Clint', NULL, '877886', NULL, 48);
INSERT INTO `student` (`student_admission_no`, `gender`, `student_address`, `student_date_of_birth`, `student_email`, `student_name`, `student_nationality`, `student_password`, `student_religion`, `guardian_id`) VALUES ('43775698', 'Dr.', '5126 Norene Junctions Apt. 163', '2015-01-02', 'vwillms@example.net', 'Hillard', NULL, '', NULL, 22);
INSERT INTO `student` (`student_admission_no`, `gender`, `student_address`, `student_date_of_birth`, `student_email`, `student_name`, `student_nationality`, `student_password`, `student_religion`, `guardian_id`) VALUES ('44107', 'Dr.', '66466 Prohaska Centers', '2015-05-08', 'sandrine51@example.net', 'Rico', NULL, '10853', NULL, 86);
INSERT INTO `student` (`student_admission_no`, `gender`, `student_address`, `student_date_of_birth`, `student_email`, `student_name`, `student_nationality`, `student_password`, `student_religion`, `guardian_id`) VALUES ('44920', 'Dr.', '9519 Vallie Roads', '1974-08-05', 'lindsay27@example.net', 'Andrew', NULL, '6125438', NULL, 70);
INSERT INTO `student` (`student_admission_no`, `gender`, `student_address`, `student_date_of_birth`, `student_email`, `student_name`, `student_nationality`, `student_password`, `student_religion`, `guardian_id`) VALUES ('476422539', 'Miss', '648 Carlotta Ranch Suite 480', '2012-08-28', 'leanne.nienow@example.net', 'Arthur', NULL, '116728', NULL, 5);
INSERT INTO `student` (`student_admission_no`, `gender`, `student_address`, `student_date_of_birth`, `student_email`, `student_name`, `student_nationality`, `student_password`, `student_religion`, `guardian_id`) VALUES ('486371884', 'Prof.', '26251 Becker Way Apt. 975', '2006-08-22', 'walsh.carolanne@example.org', 'Bernardo', NULL, '49409', NULL, 8);
INSERT INTO `student` (`student_admission_no`, `gender`, `student_address`, `student_date_of_birth`, `student_email`, `student_name`, `student_nationality`, `student_password`, `student_religion`, `guardian_id`) VALUES ('48753764', 'Dr.', '7833 Kuphal Prairie Suite 491', '2008-01-16', 'edavis@example.com', 'August', NULL, '742288794', NULL, 29);
INSERT INTO `student` (`student_admission_no`, `gender`, `student_address`, `student_date_of_birth`, `student_email`, `student_name`, `student_nationality`, `student_password`, `student_religion`, `guardian_id`) VALUES ('49', 'Prof.', '2516 Elsa Ridge', '2016-11-30', 'jordon.harris@example.com', 'Virgil', NULL, '848865922', NULL, 19);
INSERT INTO `student` (`student_admission_no`, `gender`, `student_address`, `student_date_of_birth`, `student_email`, `student_name`, `student_nationality`, `student_password`, `student_religion`, `guardian_id`) VALUES ('490204', 'Mr.', '72350 Germaine Cliffs Suite 137', '1979-07-09', 'hkshlerin@example.org', 'Joshuah', NULL, '74904416', NULL, 51);
INSERT INTO `student` (`student_admission_no`, `gender`, `student_address`, `student_date_of_birth`, `student_email`, `student_name`, `student_nationality`, `student_password`, `student_religion`, `guardian_id`) VALUES ('492766', 'Mr.', '83979 Reichel Meadows', '2009-02-16', 'amore.antonietta@example.org', 'Gabe', NULL, '339', NULL, 53);
INSERT INTO `student` (`student_admission_no`, `gender`, `student_address`, `student_date_of_birth`, `student_email`, `student_name`, `student_nationality`, `student_password`, `student_religion`, `guardian_id`) VALUES ('49874857', 'Prof.', '7798 Milford Groves Suite 420', '2002-01-01', 'ibreitenberg@example.net', 'Jamal', NULL, '9', NULL, 7);
INSERT INTO `student` (`student_admission_no`, `gender`, `student_address`, `student_date_of_birth`, `student_email`, `student_name`, `student_nationality`, `student_password`, `student_religion`, `guardian_id`) VALUES ('5', 'Dr.', '98230 Goodwin Shoal Apt. 127', '1986-12-27', 'imelda49@example.org', 'Amani', NULL, '428738', NULL, 6);
INSERT INTO `student` (`student_admission_no`, `gender`, `student_address`, `student_date_of_birth`, `student_email`, `student_name`, `student_nationality`, `student_password`, `student_religion`, `guardian_id`) VALUES ('519', 'Miss', '59951 Dave Loop Suite 868', '2002-12-02', 'keenan93@example.org', 'Karson', NULL, '7', NULL, 62);
INSERT INTO `student` (`student_admission_no`, `gender`, `student_address`, `student_date_of_birth`, `student_email`, `student_name`, `student_nationality`, `student_password`, `student_religion`, `guardian_id`) VALUES ('53779', 'Dr.', '27437 Schmitt Union', '2021-07-30', 'ewalker@example.com', 'Fletcher', NULL, '976824011', NULL, 35);
INSERT INTO `student` (`student_admission_no`, `gender`, `student_address`, `student_date_of_birth`, `student_email`, `student_name`, `student_nationality`, `student_password`, `student_religion`, `guardian_id`) VALUES ('5396', 'Dr.', '448 Quincy Union', '2019-10-27', 'kurtis96@example.org', 'Fletcher', NULL, '61272081', NULL, 61);
INSERT INTO `student` (`student_admission_no`, `gender`, `student_address`, `student_date_of_birth`, `student_email`, `student_name`, `student_nationality`, `student_password`, `student_religion`, `guardian_id`) VALUES ('5490041', 'Prof.', '39883 Prosacco Isle', '2021-06-26', 'gislason.leland@example.org', 'Cade', NULL, '607', NULL, 67);
INSERT INTO `student` (`student_admission_no`, `gender`, `student_address`, `student_date_of_birth`, `student_email`, `student_name`, `student_nationality`, `student_password`, `student_religion`, `guardian_id`) VALUES ('559823223', 'Prof.', '42520 Gusikowski Trail Apt. 066', '1988-01-15', 'reid00@example.org', 'Austyn', NULL, '1', NULL, 33);
INSERT INTO `student` (`student_admission_no`, `gender`, `student_address`, `student_date_of_birth`, `student_email`, `student_name`, `student_nationality`, `student_password`, `student_religion`, `guardian_id`) VALUES ('5789076', 'Prof.', '365 Ludwig Park Apt. 922', '1995-03-16', 'mgrimes@example.org', 'Davon', NULL, '265', NULL, 88);
INSERT INTO `student` (`student_admission_no`, `gender`, `student_address`, `student_date_of_birth`, `student_email`, `student_name`, `student_nationality`, `student_password`, `student_religion`, `guardian_id`) VALUES ('581053', 'Dr.', '2685 Gavin Estates', '2014-04-20', 'acrooks@example.net', 'Emilio', NULL, '3', NULL, 16);
INSERT INTO `student` (`student_admission_no`, `gender`, `student_address`, `student_date_of_birth`, `student_email`, `student_name`, `student_nationality`, `student_password`, `student_religion`, `guardian_id`) VALUES ('59441', 'Prof.', '6080 Schulist Parkway Apt. 310', '2004-05-13', 'annabel95@example.org', 'Orlo', NULL, '67853685', NULL, 3);
INSERT INTO `student` (`student_admission_no`, `gender`, `student_address`, `student_date_of_birth`, `student_email`, `student_name`, `student_nationality`, `student_password`, `student_religion`, `guardian_id`) VALUES ('6', 'Ms.', '9778 Alford Viaduct', '2018-05-16', 'flo.kovacek@example.net', 'Kamron', NULL, '39660', NULL, 15);
INSERT INTO `student` (`student_admission_no`, `gender`, `student_address`, `student_date_of_birth`, `student_email`, `student_name`, `student_nationality`, `student_password`, `student_religion`, `guardian_id`) VALUES ('606', 'Mr.', '40989 Mertz Road', '1985-07-03', 'jedediah22@example.net', 'Russell', NULL, '5343883', NULL, 82);
INSERT INTO `student` (`student_admission_no`, `gender`, `student_address`, `student_date_of_birth`, `student_email`, `student_name`, `student_nationality`, `student_password`, `student_religion`, `guardian_id`) VALUES ('609', 'Prof.', '278 Kunze Station', '2020-09-25', 'skiles.bianka@example.net', 'Ruben', NULL, '6628584', NULL, 83);
INSERT INTO `student` (`student_admission_no`, `gender`, `student_address`, `student_date_of_birth`, `student_email`, `student_name`, `student_nationality`, `student_password`, `student_religion`, `guardian_id`) VALUES ('61218479', 'Mr.', '9058 Fletcher Branch Suite 591', '1972-07-01', 'weston76@example.org', 'Leif', NULL, '10025634', NULL, 80);
INSERT INTO `student` (`student_admission_no`, `gender`, `student_address`, `student_date_of_birth`, `student_email`, `student_name`, `student_nationality`, `student_password`, `student_religion`, `guardian_id`) VALUES ('616', 'Miss', '225 Tromp Run Suite 748', '1988-02-29', 'champlin.justyn@example.org', 'Orin', NULL, '198', NULL, 54);
INSERT INTO `student` (`student_admission_no`, `gender`, `student_address`, `student_date_of_birth`, `student_email`, `student_name`, `student_nationality`, `student_password`, `student_religion`, `guardian_id`) VALUES ('6234512', 'Mrs.', '30575 Dolores Cove', '1996-04-11', 'rromaguera@example.net', 'Wendell', NULL, '501769199', NULL, 96);
INSERT INTO `student` (`student_admission_no`, `gender`, `student_address`, `student_date_of_birth`, `student_email`, `student_name`, `student_nationality`, `student_password`, `student_religion`, `guardian_id`) VALUES ('64329719', 'Ms.', '15660 Danyka Locks', '1979-09-18', 'grayce.pacocha@example.org', 'Nicolas', NULL, '202', NULL, 92);
INSERT INTO `student` (`student_admission_no`, `gender`, `student_address`, `student_date_of_birth`, `student_email`, `student_name`, `student_nationality`, `student_password`, `student_religion`, `guardian_id`) VALUES ('66204', 'Mr.', '3294 Corwin Freeway Apt. 537', '1984-06-01', 'pfeffer.reymundo@example.org', 'Angel', NULL, '2213', NULL, 90);
INSERT INTO `student` (`student_admission_no`, `gender`, `student_address`, `student_date_of_birth`, `student_email`, `student_name`, `student_nationality`, `student_password`, `student_religion`, `guardian_id`) VALUES ('66404248', 'Dr.', '4623 Narciso Inlet', '2012-06-25', 'abbigail88@example.net', 'Cloyd', NULL, '745975580', NULL, 73);
INSERT INTO `student` (`student_admission_no`, `gender`, `student_address`, `student_date_of_birth`, `student_email`, `student_name`, `student_nationality`, `student_password`, `student_religion`, `guardian_id`) VALUES ('6724', 'Prof.', '1679 Gerlach Circle', '2016-08-03', 'jsenger@example.com', 'Jarrell', NULL, '93744078', NULL, 46);
INSERT INTO `student` (`student_admission_no`, `gender`, `student_address`, `student_date_of_birth`, `student_email`, `student_name`, `student_nationality`, `student_password`, `student_religion`, `guardian_id`) VALUES ('6878701', 'Miss', '160 Kuhn Springs Suite 557', '1995-04-06', 'hoppe.keeley@example.com', 'Carter', NULL, '', NULL, 38);
INSERT INTO `student` (`student_admission_no`, `gender`, `student_address`, `student_date_of_birth`, `student_email`, `student_name`, `student_nationality`, `student_password`, `student_religion`, `guardian_id`) VALUES ('7', 'Dr.', '7931 Dallas Land', '1988-03-10', 'kathleen77@example.com', 'Mariano', NULL, '4979796', NULL, 36);
INSERT INTO `student` (`student_admission_no`, `gender`, `student_address`, `student_date_of_birth`, `student_email`, `student_name`, `student_nationality`, `student_password`, `student_religion`, `guardian_id`) VALUES ('7031', 'Prof.', '82386 Smith Valley', '1981-03-12', 'jeremy15@example.org', 'Constantin', NULL, '8066506', NULL, 31);
INSERT INTO `student` (`student_admission_no`, `gender`, `student_address`, `student_date_of_birth`, `student_email`, `student_name`, `student_nationality`, `student_password`, `student_religion`, `guardian_id`) VALUES ('70729207', 'Dr.', '84332 Berta Mall Apt. 783', '1973-05-19', 'khartmann@example.com', 'Joany', NULL, '', NULL, 85);
INSERT INTO `student` (`student_admission_no`, `gender`, `student_address`, `student_date_of_birth`, `student_email`, `student_name`, `student_nationality`, `student_password`, `student_religion`, `guardian_id`) VALUES ('71574', 'Mr.', '56055 Schamberger Lock Apt. 928', '2017-12-12', 'zachariah83@example.net', 'Zackery', NULL, '36882858', NULL, 32);
INSERT INTO `student` (`student_admission_no`, `gender`, `student_address`, `student_date_of_birth`, `student_email`, `student_name`, `student_nationality`, `student_password`, `student_religion`, `guardian_id`) VALUES ('726', 'Dr.', '441 Marks Station', '1993-05-22', 'justice23@example.com', 'Cullen', NULL, '5884053', NULL, 27);
INSERT INTO `student` (`student_admission_no`, `gender`, `student_address`, `student_date_of_birth`, `student_email`, `student_name`, `student_nationality`, `student_password`, `student_religion`, `guardian_id`) VALUES ('7356657', 'Mr.', '3884 Dibbert Trail', '1995-01-20', 'maxime.boyle@example.org', 'Consuelo', NULL, '73947874', NULL, 40);
INSERT INTO `student` (`student_admission_no`, `gender`, `student_address`, `student_date_of_birth`, `student_email`, `student_name`, `student_nationality`, `student_password`, `student_religion`, `guardian_id`) VALUES ('73571', 'Ms.', '4106 Hauck Canyon', '1973-07-01', 'marques.casper@example.net', 'Boris', NULL, '', NULL, 57);
INSERT INTO `student` (`student_admission_no`, `gender`, `student_address`, `student_date_of_birth`, `student_email`, `student_name`, `student_nationality`, `student_password`, `student_religion`, `guardian_id`) VALUES ('7572', 'Dr.', '63389 Jacinthe Gardens Apt. 895', '1995-01-13', 'dicki.forest@example.org', 'Hollis', NULL, '', NULL, 26);
INSERT INTO `student` (`student_admission_no`, `gender`, `student_address`, `student_date_of_birth`, `student_email`, `student_name`, `student_nationality`, `student_password`, `student_religion`, `guardian_id`) VALUES ('76', 'Prof.', '19115 Ericka Glen Suite 822', '1998-06-19', 'frederik26@example.com', 'Dagmar', NULL, '3', NULL, 52);
INSERT INTO `student` (`student_admission_no`, `gender`, `student_address`, `student_date_of_birth`, `student_email`, `student_name`, `student_nationality`, `student_password`, `student_religion`, `guardian_id`) VALUES ('7627637', 'Miss', '4916 Stroman Lock Apt. 587', '2021-08-17', 'adam.cassin@example.com', 'Micah', NULL, '9997168', NULL, 1);
INSERT INTO `student` (`student_admission_no`, `gender`, `student_address`, `student_date_of_birth`, `student_email`, `student_name`, `student_nationality`, `student_password`, `student_religion`, `guardian_id`) VALUES ('7674', 'Mrs.', '33928 Maurice Manors', '1995-09-27', 'ubaldo.waelchi@example.org', 'Isaac', NULL, '4750', NULL, 72);
INSERT INTO `student` (`student_admission_no`, `gender`, `student_address`, `student_date_of_birth`, `student_email`, `student_name`, `student_nationality`, `student_password`, `student_religion`, `guardian_id`) VALUES ('7710803', 'Mr.', '7630 Jonatan Cape', '1996-10-23', 'joany.mayert@example.net', 'Marlon', NULL, '', NULL, 12);
INSERT INTO `student` (`student_admission_no`, `gender`, `student_address`, `student_date_of_birth`, `student_email`, `student_name`, `student_nationality`, `student_password`, `student_religion`, `guardian_id`) VALUES ('788203', 'Mrs.', '01030 Thea Village Suite 834', '2015-08-31', 'chelsea.wiegand@example.net', 'Chadrick', NULL, '64', NULL, 34);
INSERT INTO `student` (`student_admission_no`, `gender`, `student_address`, `student_date_of_birth`, `student_email`, `student_name`, `student_nationality`, `student_password`, `student_religion`, `guardian_id`) VALUES ('803', 'Mr.', '16551 Nicolas Via Suite 144', '1974-09-24', 'kuhlman.royce@example.org', 'Dominic', NULL, '97693', NULL, 39);
INSERT INTO `student` (`student_admission_no`, `gender`, `student_address`, `student_date_of_birth`, `student_email`, `student_name`, `student_nationality`, `student_password`, `student_religion`, `guardian_id`) VALUES ('85', 'Miss', '692 Maida Port Apt. 239', '1985-07-17', 'rhickle@example.com', 'Layne', NULL, '9941246', NULL, 100);
INSERT INTO `student` (`student_admission_no`, `gender`, `student_address`, `student_date_of_birth`, `student_email`, `student_name`, `student_nationality`, `student_password`, `student_religion`, `guardian_id`) VALUES ('857', 'Miss', '212 Hirthe Viaduct Suite 894', '1998-09-07', 'shanahan.corine@example.org', 'Eliezer', NULL, '416436655', NULL, 49);
INSERT INTO `student` (`student_admission_no`, `gender`, `student_address`, `student_date_of_birth`, `student_email`, `student_name`, `student_nationality`, `student_password`, `student_religion`, `guardian_id`) VALUES ('85812122', 'Prof.', '730 Graham Hill Apt. 292', '2016-10-22', 'jayce02@example.com', 'Lionel', NULL, '10295776', NULL, 13);
INSERT INTO `student` (`student_admission_no`, `gender`, `student_address`, `student_date_of_birth`, `student_email`, `student_name`, `student_nationality`, `student_password`, `student_religion`, `guardian_id`) VALUES ('8845', 'Dr.', '6819 Javier Ridges Suite 440', '2004-02-05', 'ebert.bryce@example.org', 'Edd', NULL, '', NULL, 43);
INSERT INTO `student` (`student_admission_no`, `gender`, `student_address`, `student_date_of_birth`, `student_email`, `student_name`, `student_nationality`, `student_password`, `student_religion`, `guardian_id`) VALUES ('9', 'Dr.', '4816 Gislason Junction Apt. 674', '2017-01-18', 'zconn@example.com', 'Rowan', NULL, '42323', NULL, 55);
INSERT INTO `student` (`student_admission_no`, `gender`, `student_address`, `student_date_of_birth`, `student_email`, `student_name`, `student_nationality`, `student_password`, `student_religion`, `guardian_id`) VALUES ('912849169', 'Prof.', '0030 Abdiel Ford Suite 726', '1995-05-29', 'gusikowski.holden@example.org', 'Oswald', NULL, '7977', NULL, 56);
INSERT INTO `student` (`student_admission_no`, `gender`, `student_address`, `student_date_of_birth`, `student_email`, `student_name`, `student_nationality`, `student_password`, `student_religion`, `guardian_id`) VALUES ('91356050', 'Prof.', '4765 Ziemann Highway', '2000-03-07', 'owhite@example.org', 'Augustus', NULL, '799155448', NULL, 44);
INSERT INTO `student` (`student_admission_no`, `gender`, `student_address`, `student_date_of_birth`, `student_email`, `student_name`, `student_nationality`, `student_password`, `student_religion`, `guardian_id`) VALUES ('914', 'Prof.', '213 Elfrieda Ford Apt. 918', '2020-02-13', 'gideon.hilll@example.net', 'Antone', NULL, '3540', NULL, 89);
INSERT INTO `student` (`student_admission_no`, `gender`, `student_address`, `student_date_of_birth`, `student_email`, `student_name`, `student_nationality`, `student_password`, `student_religion`, `guardian_id`) VALUES ('92120', 'Prof.', '59456 Beahan Knoll', '2015-06-15', 'gladyce.sporer@example.net', 'Otis', NULL, '110', NULL, 17);
INSERT INTO `student` (`student_admission_no`, `gender`, `student_address`, `student_date_of_birth`, `student_email`, `student_name`, `student_nationality`, `student_password`, `student_religion`, `guardian_id`) VALUES ('92553333', 'Prof.', '7187 Emard Key Apt. 038', '2001-06-25', 'barton55@example.com', 'Karley', NULL, '5120', NULL, 10);
INSERT INTO `student` (`student_admission_no`, `gender`, `student_address`, `student_date_of_birth`, `student_email`, `student_name`, `student_nationality`, `student_password`, `student_religion`, `guardian_id`) VALUES ('927', 'Mr.', '092 Metz Radial Suite 535', '2014-01-29', 'pmohr@example.com', 'Talon', NULL, '922084748', NULL, 99);
INSERT INTO `student` (`student_admission_no`, `gender`, `student_address`, `student_date_of_birth`, `student_email`, `student_name`, `student_nationality`, `student_password`, `student_religion`, `guardian_id`) VALUES ('942501372', 'Prof.', '7344 Lang Mews Apt. 392', '1973-12-09', 'rogelio68@example.org', 'Tyreek', NULL, '59405890', NULL, 63);
INSERT INTO `student` (`student_admission_no`, `gender`, `student_address`, `student_date_of_birth`, `student_email`, `student_name`, `student_nationality`, `student_password`, `student_religion`, `guardian_id`) VALUES ('94877', 'Mrs.', '9063 Barrows Falls Suite 106', '1983-07-14', 'lakin.waldo@example.net', 'Lamont', NULL, '55185258', NULL, 50);
INSERT INTO `student` (`student_admission_no`, `gender`, `student_address`, `student_date_of_birth`, `student_email`, `student_name`, `student_nationality`, `student_password`, `student_religion`, `guardian_id`) VALUES ('9525', 'Mr.', '95998 Boyer Brooks Suite 338', '2021-09-28', 'dlittle@example.net', 'Trey', NULL, '', NULL, 30);
INSERT INTO `student` (`student_admission_no`, `gender`, `student_address`, `student_date_of_birth`, `student_email`, `student_name`, `student_nationality`, `student_password`, `student_religion`, `guardian_id`) VALUES ('99013559', 'Mr.', '786 Daniel Locks', '2009-01-05', 'kayla.lowe@example.org', 'Nolan', NULL, '733', NULL, 95);
INSERT INTO `student` (`student_admission_no`, `gender`, `student_address`, `student_date_of_birth`, `student_email`, `student_name`, `student_nationality`, `student_password`, `student_religion`, `guardian_id`) VALUES ('9922', 'Mr.', '885 Kaitlyn Ports Apt. 836', '2014-06-20', 'lambert24@example.com', 'Ewell', NULL, '7364', NULL, 47);
INSERT INTO `student` (`student_admission_no`, `gender`, `student_address`, `student_date_of_birth`, `student_email`, `student_name`, `student_nationality`, `student_password`, `student_religion`, `guardian_id`) VALUES ('9998851', 'Dr.', '56024 Kerluke Fork Apt. 963', '2004-03-12', 'xgoyette@example.org', 'Dashawn', NULL, '474', NULL, 71);

-- marks ----------------------------------------------------------------------------------------------


INSERT INTO `mark` (`marks_id`, `exam_code`, `student_admission_no`, `subject_code`, `marks`) VALUES (2, '1', '1', 2, '0');
INSERT INTO `mark` (`marks_id`, `exam_code`, `student_admission_no`, `subject_code`, `marks`) VALUES (3, '2', '1070', 3, '174164');
INSERT INTO `mark` (`marks_id`, `exam_code`, `student_admission_no`, `subject_code`, `marks`) VALUES (4, '3', '13485554', 4, '55.9516');
INSERT INTO `mark` (`marks_id`, `exam_code`, `student_admission_no`, `subject_code`, `marks`) VALUES (5, '5', '1375', 5, '0');
INSERT INTO `mark` (`marks_id`, `exam_code`, `student_admission_no`, `subject_code`, `marks`) VALUES (6, '6', '156817', 6, '0.524714');
INSERT INTO `mark` (`marks_id`, `exam_code`, `student_admission_no`, `subject_code`, `marks`) VALUES (7, '8', '17530', 7, '23.482');
INSERT INTO `mark` (`marks_id`, `exam_code`, `student_admission_no`, `subject_code`, `marks`) VALUES (9, '1', '2', 9, '1.33291');
INSERT INTO `mark` (`marks_id`, `exam_code`, `student_admission_no`, `subject_code`, `marks`) VALUES (10, '2', '20', 10, '11698300');
INSERT INTO `mark` (`marks_id`, `exam_code`, `student_admission_no`, `subject_code`, `marks`) VALUES (11, '3', '227', 11, '8374.67');
INSERT INTO `mark` (`marks_id`, `exam_code`, `student_admission_no`, `subject_code`, `marks`) VALUES (12, '5', '23', 12, '279003');
INSERT INTO `mark` (`marks_id`, `exam_code`, `student_admission_no`, `subject_code`, `marks`) VALUES (13, '6', '233', 13, '1737610');
INSERT INTO `mark` (`marks_id`, `exam_code`, `student_admission_no`, `subject_code`, `marks`) VALUES (14, '8', '2387', 14, '0');

INSERT INTO `mark` (`marks_id`, `exam_code`, `student_admission_no`, `subject_code`, `marks`) VALUES (16, '1', '275435', 16, '5313.96');
INSERT INTO `mark` (`marks_id`, `exam_code`, `student_admission_no`, `subject_code`, `marks`) VALUES (17, '2', '28', 17, '926.904');
INSERT INTO `mark` (`marks_id`, `exam_code`, `student_admission_no`, `subject_code`, `marks`) VALUES (18, '3', '28810', 18, '601.93');
INSERT INTO `mark` (`marks_id`, `exam_code`, `student_admission_no`, `subject_code`, `marks`) VALUES (19, '5', '29833', 19, '79295.9');
INSERT INTO `mark` (`marks_id`, `exam_code`, `student_admission_no`, `subject_code`, `marks`) VALUES (20, '6', '3', 20, '0');
INSERT INTO `mark` (`marks_id`, `exam_code`, `student_admission_no`, `subject_code`, `marks`) VALUES (21, '8', '30913', 21, '2056.25');
INSERT INTO `mark` (`marks_id`, `exam_code`, `student_admission_no`, `subject_code`, `marks`) VALUES (23, '1', '317', 23, '1.47703');
INSERT INTO `mark` (`marks_id`, `exam_code`, `student_admission_no`, `subject_code`, `marks`) VALUES (24, '2', '32613551', 24, '217963');
INSERT INTO `mark` (`marks_id`, `exam_code`, `student_admission_no`, `subject_code`, `marks`) VALUES (25, '3', '327560504', 25, '7.1957');
INSERT INTO `mark` (`marks_id`, `exam_code`, `student_admission_no`, `subject_code`, `marks`) VALUES (26, '5', '33678489', 26, '665901');
INSERT INTO `mark` (`marks_id`, `exam_code`, `student_admission_no`, `subject_code`, `marks`) VALUES (27, '6', '35', 27, '2255260');
INSERT INTO `mark` (`marks_id`, `exam_code`, `student_admission_no`, `subject_code`, `marks`) VALUES (28, '8', '3504854', 28, '617.5');
INSERT INTO `mark` (`marks_id`, `exam_code`, `student_admission_no`, `subject_code`, `marks`) VALUES (30, '1', '3678383', 30, '1761.22');
INSERT INTO `mark` (`marks_id`, `exam_code`, `student_admission_no`, `subject_code`, `marks`) VALUES (31, '2', '37293045', 31, '7616.1');
INSERT INTO `mark` (`marks_id`, `exam_code`, `student_admission_no`, `subject_code`, `marks`) VALUES (32, '3', '383495', 32, '183.612');
INSERT INTO `mark` (`marks_id`, `exam_code`, `student_admission_no`, `subject_code`, `marks`) VALUES (33, '5', '3966', 33, '27490.4');
INSERT INTO `mark` (`marks_id`, `exam_code`, `student_admission_no`, `subject_code`, `marks`) VALUES (34, '6', '398220444', 34, '1291.62');
INSERT INTO `mark` (`marks_id`, `exam_code`, `student_admission_no`, `subject_code`, `marks`) VALUES (35, '8', '4023025', 35, '53.6453');
INSERT INTO `mark` (`marks_id`, `exam_code`, `student_admission_no`, `subject_code`, `marks`) VALUES (37, '1', '4185673', 37, '70757');
INSERT INTO `mark` (`marks_id`, `exam_code`, `student_admission_no`, `subject_code`, `marks`) VALUES (38, '2', '42', 38, '657.613');
INSERT INTO `mark` (`marks_id`, `exam_code`, `student_admission_no`, `subject_code`, `marks`) VALUES (39, '3', '43', 39, '219792000');
INSERT INTO `mark` (`marks_id`, `exam_code`, `student_admission_no`, `subject_code`, `marks`) VALUES (40, '5', '43775698', 40, '293039');
INSERT INTO `mark` (`marks_id`, `exam_code`, `student_admission_no`, `subject_code`, `marks`) VALUES (41, '6', '44107', 41, '0');
INSERT INTO `mark` (`marks_id`, `exam_code`, `student_admission_no`, `subject_code`, `marks`) VALUES (42, '8', '44920', 42, '562');
INSERT INTO `mark` (`marks_id`, `exam_code`, `student_admission_no`, `subject_code`, `marks`) VALUES (44, '1', '486371884', 44, '23248600');
INSERT INTO `mark` (`marks_id`, `exam_code`, `student_admission_no`, `subject_code`, `marks`) VALUES (45, '2', '48753764', 45, '3402.44');
INSERT INTO `mark` (`marks_id`, `exam_code`, `student_admission_no`, `subject_code`, `marks`) VALUES (46, '3', '49', 46, '202290');
INSERT INTO `mark` (`marks_id`, `exam_code`, `student_admission_no`, `subject_code`, `marks`) VALUES (47, '5', '490204', 47, '1.845');
INSERT INTO `mark` (`marks_id`, `exam_code`, `student_admission_no`, `subject_code`, `marks`) VALUES (48, '6', '492766', 48, '70.9304');
INSERT INTO `mark` (`marks_id`, `exam_code`, `student_admission_no`, `subject_code`, `marks`) VALUES (49, '8', '49874857', 49, '5.64355');
INSERT INTO `mark` (`marks_id`, `exam_code`, `student_admission_no`, `subject_code`, `marks`) VALUES (51, '1', '519', 51, '49119');
INSERT INTO `mark` (`marks_id`, `exam_code`, `student_admission_no`, `subject_code`, `marks`) VALUES (52, '2', '53779', 52, '11.8282');
INSERT INTO `mark` (`marks_id`, `exam_code`, `student_admission_no`, `subject_code`, `marks`) VALUES (53, '3', '5396', 53, '0');
INSERT INTO `mark` (`marks_id`, `exam_code`, `student_admission_no`, `subject_code`, `marks`) VALUES (54, '5', '5490041', 54, '2893520');
INSERT INTO `mark` (`marks_id`, `exam_code`, `student_admission_no`, `subject_code`, `marks`) VALUES (55, '6', '559823223', 55, '0');
INSERT INTO `mark` (`marks_id`, `exam_code`, `student_admission_no`, `subject_code`, `marks`) VALUES (56, '8', '5789076', 56, '0');
INSERT INTO `mark` (`marks_id`, `exam_code`, `student_admission_no`, `subject_code`, `marks`) VALUES (58, '1', '59441', 58, '31173300');
INSERT INTO `mark` (`marks_id`, `exam_code`, `student_admission_no`, `subject_code`, `marks`) VALUES (59, '2', '6', 59, '11859');
INSERT INTO `mark` (`marks_id`, `exam_code`, `student_admission_no`, `subject_code`, `marks`) VALUES (60, '3', '606', 60, '0');
INSERT INTO `mark` (`marks_id`, `exam_code`, `student_admission_no`, `subject_code`, `marks`) VALUES (61, '5', '609', 61, '4.51465');
INSERT INTO `mark` (`marks_id`, `exam_code`, `student_admission_no`, `subject_code`, `marks`) VALUES (62, '6', '61218479', 62, '6.3');
INSERT INTO `mark` (`marks_id`, `exam_code`, `student_admission_no`, `subject_code`, `marks`) VALUES (63, '8', '616', 63, '7568.1');
INSERT INTO `mark` (`marks_id`, `exam_code`, `student_admission_no`, `subject_code`, `marks`) VALUES (65, '1', '64329719', 65, '2273640');
INSERT INTO `mark` (`marks_id`, `exam_code`, `student_admission_no`, `subject_code`, `marks`) VALUES (66, '2', '66204', 66, '13500.2');
INSERT INTO `mark` (`marks_id`, `exam_code`, `student_admission_no`, `subject_code`, `marks`) VALUES (67, '3', '66404248', 67, '5070610');
INSERT INTO `mark` (`marks_id`, `exam_code`, `student_admission_no`, `subject_code`, `marks`) VALUES (68, '5', '6724', 68, '3888.16');
INSERT INTO `mark` (`marks_id`, `exam_code`, `student_admission_no`, `subject_code`, `marks`) VALUES (69, '6', '6878701', 69, '1784430');
INSERT INTO `mark` (`marks_id`, `exam_code`, `student_admission_no`, `subject_code`, `marks`) VALUES (70, '8', '7', 70, '287948');
INSERT INTO `mark` (`marks_id`, `exam_code`, `student_admission_no`, `subject_code`, `marks`) VALUES (72, '1', '70729207', 72, '2.369');
INSERT INTO `mark` (`marks_id`, `exam_code`, `student_admission_no`, `subject_code`, `marks`) VALUES (73, '2', '71574', 73, '6.5162');
INSERT INTO `mark` (`marks_id`, `exam_code`, `student_admission_no`, `subject_code`, `marks`) VALUES (74, '3', '726', 74, '6373200');
INSERT INTO `mark` (`marks_id`, `exam_code`, `student_admission_no`, `subject_code`, `marks`) VALUES (75, '5', '7356657', 75, '0');
INSERT INTO `mark` (`marks_id`, `exam_code`, `student_admission_no`, `subject_code`, `marks`) VALUES (76, '6', '73571', 76, '569.038');
INSERT INTO `mark` (`marks_id`, `exam_code`, `student_admission_no`, `subject_code`, `marks`) VALUES (77, '8', '7572', 77, '12.3574');
INSERT INTO `mark` (`marks_id`, `exam_code`, `student_admission_no`, `subject_code`, `marks`) VALUES (79, '1', '7627637', 79, '0.3');
INSERT INTO `mark` (`marks_id`, `exam_code`, `student_admission_no`, `subject_code`, `marks`) VALUES (80, '2', '7674', 80, '0');
INSERT INTO `mark` (`marks_id`, `exam_code`, `student_admission_no`, `subject_code`, `marks`) VALUES (81, '3', '7710803', 81, '291642000');
INSERT INTO `mark` (`marks_id`, `exam_code`, `student_admission_no`, `subject_code`, `marks`) VALUES (82, '5', '788203', 82, '2354.29');
INSERT INTO `mark` (`marks_id`, `exam_code`, `student_admission_no`, `subject_code`, `marks`) VALUES (83, '6', '803', 83, '173.046');
INSERT INTO `mark` (`marks_id`, `exam_code`, `student_admission_no`, `subject_code`, `marks`) VALUES (84, '8', '85', 84, '77124');
INSERT INTO `mark` (`marks_id`, `exam_code`, `student_admission_no`, `subject_code`, `marks`) VALUES (86, '1', '85812122', 86, '6959');
INSERT INTO `mark` (`marks_id`, `exam_code`, `student_admission_no`, `subject_code`, `marks`) VALUES (87, '2', '8845', 87, '41959');
INSERT INTO `mark` (`marks_id`, `exam_code`, `student_admission_no`, `subject_code`, `marks`) VALUES (88, '3', '9', 88, '1960990');
INSERT INTO `mark` (`marks_id`, `exam_code`, `student_admission_no`, `subject_code`, `marks`) VALUES (89, '5', '912849169', 89, '32.2014');
INSERT INTO `mark` (`marks_id`, `exam_code`, `student_admission_no`, `subject_code`, `marks`) VALUES (90, '6', '91356050', 90, '5299.8');
INSERT INTO `mark` (`marks_id`, `exam_code`, `student_admission_no`, `subject_code`, `marks`) VALUES (91, '8', '914', 91, '4398.6');
INSERT INTO `mark` (`marks_id`, `exam_code`, `student_admission_no`, `subject_code`, `marks`) VALUES (93, '1', '92553333', 93, '0.5');
INSERT INTO `mark` (`marks_id`, `exam_code`, `student_admission_no`, `subject_code`, `marks`) VALUES (94, '2', '927', 94, '0');
INSERT INTO `mark` (`marks_id`, `exam_code`, `student_admission_no`, `subject_code`, `marks`) VALUES (95, '3', '942501372', 95, '451.2');
INSERT INTO `mark` (`marks_id`, `exam_code`, `student_admission_no`, `subject_code`, `marks`) VALUES (96, '5', '94877', 96, '80126.4');
INSERT INTO `mark` (`marks_id`, `exam_code`, `student_admission_no`, `subject_code`, `marks`) VALUES (97, '6', '9525', 97, '528803');
INSERT INTO `mark` (`marks_id`, `exam_code`, `student_admission_no`, `subject_code`, `marks`) VALUES (98, '8', '99013559', 98, '31.4932');
INSERT INTO `mark` (`marks_id`, `exam_code`, `student_admission_no`, `subject_code`, `marks`) VALUES (100, '1', '9998851', 100, '255041');

-- staff ----------------------------------------------------------------------------------------


INSERT INTO `staff` (`staff_reg_no`, `staff_name`, `staff_email`, `staff_date_of_birth`, `staff_gender`, `staff_nic`, `staff_nationality`, `staff_religion`, `password`, `basic_salary`) VALUES ('1', 'Lamar', 'jacques.lakin@example.org', '1979-10-18', NULL, NULL, NULL, NULL, '2a0c2a2e1d12494120da11216150621fa2fd2037', '23519.1');
INSERT INTO `staff` (`staff_reg_no`, `staff_name`, `staff_email`, `staff_date_of_birth`, `staff_gender`, `staff_nic`, `staff_nationality`, `staff_religion`, `password`, `basic_salary`) VALUES ('103', 'Rebekah', 'swift.teresa@example.org', '1992-06-22', NULL, NULL, NULL, NULL, '59d69268d54b4c9d00448cae6a82a99c071cafae', '1.25347');
INSERT INTO `staff` (`staff_reg_no`, `staff_name`, `staff_email`, `staff_date_of_birth`, `staff_gender`, `staff_nic`, `staff_nationality`, `staff_religion`, `password`, `basic_salary`) VALUES ('1170', 'Erika', 'maxie34@example.org', '1995-11-15', NULL, NULL, NULL, NULL, 'e44c18f53c29c6a9364a6fcb12331dc5dd1d89ad', '201773');
INSERT INTO `staff` (`staff_reg_no`, `staff_name`, `staff_email`, `staff_date_of_birth`, `staff_gender`, `staff_nic`, `staff_nationality`, `staff_religion`, `password`, `basic_salary`) VALUES ('1595685', 'Glen', 'kristopher.medhurst@example.com', '1981-12-29', NULL, NULL, NULL, NULL, '97f5628ab22104da80989649d1136dd3da8819df', '2052110');
INSERT INTO `staff` (`staff_reg_no`, `staff_name`, `staff_email`, `staff_date_of_birth`, `staff_gender`, `staff_nic`, `staff_nationality`, `staff_religion`, `password`, `basic_salary`) VALUES ('161626', 'Deontae', 'swaniawski.clarissa@example.net', '1995-08-13', NULL, NULL, NULL, NULL, '76e997e323c4d08ba9808f8eebf126437497e98d', '767685000');
INSERT INTO `staff` (`staff_reg_no`, `staff_name`, `staff_email`, `staff_date_of_birth`, `staff_gender`, `staff_nic`, `staff_nationality`, `staff_religion`, `password`, `basic_salary`) VALUES ('16994965', 'Shad', 'norberto.heidenreich@example.com', '2006-06-18', NULL, NULL, NULL, NULL, '1e448366be740a5ffb69f26b6aa8ffb635bb2761', '0');
INSERT INTO `staff` (`staff_reg_no`, `staff_name`, `staff_email`, `staff_date_of_birth`, `staff_gender`, `staff_nic`, `staff_nationality`, `staff_religion`, `password`, `basic_salary`) VALUES ('171', 'Madie', 'jacynthe.upton@example.com', '2005-06-09', NULL, NULL, NULL, NULL, 'aca01b38dbbba589afb3e939b83776d8b29dff83', '25.4316');
INSERT INTO `staff` (`staff_reg_no`, `staff_name`, `staff_email`, `staff_date_of_birth`, `staff_gender`, `staff_nic`, `staff_nationality`, `staff_religion`, `password`, `basic_salary`) VALUES ('177152', 'Bernita', 'moore.rowland@example.org', '1995-07-18', NULL, NULL, NULL, NULL, '0fbce3038c9f482b6df83833ac55a01be42f86b1', '2125');
INSERT INTO `staff` (`staff_reg_no`, `staff_name`, `staff_email`, `staff_date_of_birth`, `staff_gender`, `staff_nic`, `staff_nationality`, `staff_religion`, `password`, `basic_salary`) VALUES ('1781', 'Willard', 'lsanford@example.org', '2018-04-23', NULL, NULL, NULL, NULL, '6a29d8f2c38b255bc0072205a688c90bfad4c587', '105051');
INSERT INTO `staff` (`staff_reg_no`, `staff_name`, `staff_email`, `staff_date_of_birth`, `staff_gender`, `staff_nic`, `staff_nationality`, `staff_religion`, `password`, `basic_salary`) VALUES ('18807', 'Rhea', 'gerda21@example.org', '2002-08-20', NULL, NULL, NULL, NULL, 'c26f2e6631aac4d7b0de9580636d0991fe5e74ff', '0.173729');
INSERT INTO `staff` (`staff_reg_no`, `staff_name`, `staff_email`, `staff_date_of_birth`, `staff_gender`, `staff_nic`, `staff_nationality`, `staff_religion`, `password`, `basic_salary`) VALUES ('19507', 'Lucie', 'yundt.mable@example.net', '1978-12-19', NULL, NULL, NULL, NULL, '1eb88d2775e67b4690227ffaff1f812ce48ebeef', '19667');
INSERT INTO `staff` (`staff_reg_no`, `staff_name`, `staff_email`, `staff_date_of_birth`, `staff_gender`, `staff_nic`, `staff_nationality`, `staff_religion`, `password`, `basic_salary`) VALUES ('196912', 'Rowan', 'brown.margot@example.com', '1976-10-16', NULL, NULL, NULL, NULL, 'd5b13ffb79835a939087650a2585f9dcca16f1e9', '6967.28');
INSERT INTO `staff` (`staff_reg_no`, `staff_name`, `staff_email`, `staff_date_of_birth`, `staff_gender`, `staff_nic`, `staff_nationality`, `staff_religion`, `password`, `basic_salary`) VALUES ('2', 'Llewellyn', 'irwin.kemmer@example.org', '1997-07-30', NULL, NULL, NULL, NULL, 'eb80cd4c2f9998aa9341312cecf71930da03d20e', '13.6245');
INSERT INTO `staff` (`staff_reg_no`, `staff_name`, `staff_email`, `staff_date_of_birth`, `staff_gender`, `staff_nic`, `staff_nationality`, `staff_religion`, `password`, `basic_salary`) VALUES ('210', 'Josiah', 'destin.stark@example.com', '1999-04-05', NULL, NULL, NULL, NULL, '8ef5beeb844a30b41aeb28be6ceeed03ba395377', '1293.57');
INSERT INTO `staff` (`staff_reg_no`, `staff_name`, `staff_email`, `staff_date_of_birth`, `staff_gender`, `staff_nic`, `staff_nationality`, `staff_religion`, `password`, `basic_salary`) VALUES ('218973868', 'Hermann', 'citlalli.macejkovic@example.net', '1996-03-19', NULL, NULL, NULL, NULL, '3d2fe906c6435840820921a4365661453f59a78e', '1396430');
INSERT INTO `staff` (`staff_reg_no`, `staff_name`, `staff_email`, `staff_date_of_birth`, `staff_gender`, `staff_nic`, `staff_nationality`, `staff_religion`, `password`, `basic_salary`) VALUES ('227239949', 'Cayla', 'annamae.muller@example.org', '2010-02-17', NULL, NULL, NULL, NULL, '85a96ce3c42f8c4d499d3f44fee3a9b60bcff769', '17783600');
INSERT INTO `staff` (`staff_reg_no`, `staff_name`, `staff_email`, `staff_date_of_birth`, `staff_gender`, `staff_nic`, `staff_nationality`, `staff_religion`, `password`, `basic_salary`) VALUES ('251', 'Arch', 'hollis.bogisich@example.com', '1979-06-01', NULL, NULL, NULL, NULL, 'ba8de595787478cf0c401092447c215dac5e77fe', '22289500');
INSERT INTO `staff` (`staff_reg_no`, `staff_name`, `staff_email`, `staff_date_of_birth`, `staff_gender`, `staff_nic`, `staff_nationality`, `staff_religion`, `password`, `basic_salary`) VALUES ('267458638', 'Lisette', 'fisher.dameon@example.com', '1982-12-14', NULL, NULL, NULL, NULL, 'b995b232b6ace96a1fd30e023146cd36ec715895', '17958.4');
INSERT INTO `staff` (`staff_reg_no`, `staff_name`, `staff_email`, `staff_date_of_birth`, `staff_gender`, `staff_nic`, `staff_nationality`, `staff_religion`, `password`, `basic_salary`) VALUES ('2687', 'Dayton', 'ulices65@example.com', '2002-01-04', NULL, NULL, NULL, NULL, '28984b55a96bbe8db202ea9da1037e8398dd11d6', '15167600');
INSERT INTO `staff` (`staff_reg_no`, `staff_name`, `staff_email`, `staff_date_of_birth`, `staff_gender`, `staff_nic`, `staff_nationality`, `staff_religion`, `password`, `basic_salary`) VALUES ('2796', 'Clemmie', 'waters.nickolas@example.net', '1998-04-20', NULL, NULL, NULL, NULL, 'ab4bcf967708e5c42ea9c513f45ca5810c9fee31', '24107.9');
INSERT INTO `staff` (`staff_reg_no`, `staff_name`, `staff_email`, `staff_date_of_birth`, `staff_gender`, `staff_nic`, `staff_nationality`, `staff_religion`, `password`, `basic_salary`) VALUES ('2842', 'Enrico', 'pouros.ronaldo@example.org', '1993-11-15', NULL, NULL, NULL, NULL, '6c29adb8656c910818f3707670933104be91ab20', '6');
INSERT INTO `staff` (`staff_reg_no`, `staff_name`, `staff_email`, `staff_date_of_birth`, `staff_gender`, `staff_nic`, `staff_nationality`, `staff_religion`, `password`, `basic_salary`) VALUES ('29577', 'Vergie', 'elisha.berge@example.com', '2012-09-19', NULL, NULL, NULL, NULL, 'ed70780e98db2ca563fe21398290106a6de28841', '31467.5');
INSERT INTO `staff` (`staff_reg_no`, `staff_name`, `staff_email`, `staff_date_of_birth`, `staff_gender`, `staff_nic`, `staff_nationality`, `staff_religion`, `password`, `basic_salary`) VALUES ('3', 'Ward', 'gussie.grant@example.net', '1990-04-29', NULL, NULL, NULL, NULL, '43b1a00f1229c1a6900ba40e32217e01e309f35d', '0');
INSERT INTO `staff` (`staff_reg_no`, `staff_name`, `staff_email`, `staff_date_of_birth`, `staff_gender`, `staff_nic`, `staff_nationality`, `staff_religion`, `password`, `basic_salary`) VALUES ('3091756', 'Justine', 'fspencer@example.net', '2015-02-17', NULL, NULL, NULL, NULL, 'fc11402173bd3cc77fad04d1d1a3d72a03905b3a', '7791360');
INSERT INTO `staff` (`staff_reg_no`, `staff_name`, `staff_email`, `staff_date_of_birth`, `staff_gender`, `staff_nic`, `staff_nationality`, `staff_religion`, `password`, `basic_salary`) VALUES ('31490', 'Amir', 'fredrick.keeling@example.net', '2004-01-14', NULL, NULL, NULL, NULL, '17c259861cda955f478ebf57ef93f2ed479c7039', '608326000');
INSERT INTO `staff` (`staff_reg_no`, `staff_name`, `staff_email`, `staff_date_of_birth`, `staff_gender`, `staff_nic`, `staff_nationality`, `staff_religion`, `password`, `basic_salary`) VALUES ('316742', 'Viola', 'mwindler@example.net', '1979-12-24', NULL, NULL, NULL, NULL, '64ef21cf4f6a6f6b926dd8fff8fa1781982130ad', '1.11049');
INSERT INTO `staff` (`staff_reg_no`, `staff_name`, `staff_email`, `staff_date_of_birth`, `staff_gender`, `staff_nic`, `staff_nationality`, `staff_religion`, `password`, `basic_salary`) VALUES ('32793', 'Joana', 'windler.noelia@example.net', '1984-02-04', NULL, NULL, NULL, NULL, 'a36879d898f5f3a97d466780cdb8b83481a83ed4', '1.62533');
INSERT INTO `staff` (`staff_reg_no`, `staff_name`, `staff_email`, `staff_date_of_birth`, `staff_gender`, `staff_nic`, `staff_nationality`, `staff_religion`, `password`, `basic_salary`) VALUES ('33834903', 'Aron', 'zhalvorson@example.com', '1971-02-11', NULL, NULL, NULL, NULL, 'd3565d6108f161877ad1169986e9434b0e55c55c', '227342');
INSERT INTO `staff` (`staff_reg_no`, `staff_name`, `staff_email`, `staff_date_of_birth`, `staff_gender`, `staff_nic`, `staff_nationality`, `staff_religion`, `password`, `basic_salary`) VALUES ('34064', 'Kara', 'kieran.batz@example.net', '1994-08-22', NULL, NULL, NULL, NULL, '054a7e778605e3d898e56da3a5ce57ffbdd96c6f', '0');
INSERT INTO `staff` (`staff_reg_no`, `staff_name`, `staff_email`, `staff_date_of_birth`, `staff_gender`, `staff_nic`, `staff_nationality`, `staff_religion`, `password`, `basic_salary`) VALUES ('3433', 'Jamar', 'mlemke@example.org', '1970-11-19', NULL, NULL, NULL, NULL, '6721c651dbd807f788bef90f0288a83c7068a573', '0');
INSERT INTO `staff` (`staff_reg_no`, `staff_name`, `staff_email`, `staff_date_of_birth`, `staff_gender`, `staff_nic`, `staff_nationality`, `staff_religion`, `password`, `basic_salary`) VALUES ('34417368', 'Bridie', 'hilpert.floyd@example.com', '1975-03-23', NULL, NULL, NULL, NULL, 'a7341126b9af9cfb780ce8c770f3977b350f0233', '5806480');
INSERT INTO `staff` (`staff_reg_no`, `staff_name`, `staff_email`, `staff_date_of_birth`, `staff_gender`, `staff_nic`, `staff_nationality`, `staff_religion`, `password`, `basic_salary`) VALUES ('347153731', 'Duane', 'annetta.cartwright@example.org', '2017-12-31', NULL, NULL, NULL, NULL, 'df716d87881a9314e1c76ee6e363496914fee034', '0');
INSERT INTO `staff` (`staff_reg_no`, `staff_name`, `staff_email`, `staff_date_of_birth`, `staff_gender`, `staff_nic`, `staff_nationality`, `staff_religion`, `password`, `basic_salary`) VALUES ('3475', 'Arno', 'abelardo59@example.org', '1991-05-01', NULL, NULL, NULL, NULL, '88fc02dc561abb0572b20cda5773583a92aed317', '9117.51');
INSERT INTO `staff` (`staff_reg_no`, `staff_name`, `staff_email`, `staff_date_of_birth`, `staff_gender`, `staff_nic`, `staff_nationality`, `staff_religion`, `password`, `basic_salary`) VALUES ('3613172', 'Electa', 'damian.veum@example.net', '2011-04-18', NULL, NULL, NULL, NULL, '521bfc838bfb3a54bf399128f2ab16adacc72c66', '606364000');
INSERT INTO `staff` (`staff_reg_no`, `staff_name`, `staff_email`, `staff_date_of_birth`, `staff_gender`, `staff_nic`, `staff_nationality`, `staff_religion`, `password`, `basic_salary`) VALUES ('377713642', 'Fredy', 'ucassin@example.com', '1974-02-01', NULL, NULL, NULL, NULL, 'c3e151a30ae7719df151e982579e7eb9cd152c71', '423989');
INSERT INTO `staff` (`staff_reg_no`, `staff_name`, `staff_email`, `staff_date_of_birth`, `staff_gender`, `staff_nic`, `staff_nationality`, `staff_religion`, `password`, `basic_salary`) VALUES ('390344', 'Orin', 'moses.bartoletti@example.com', '2016-06-06', NULL, NULL, NULL, NULL, '36cc5735b5f3514fe497020347854bd8a33a3ebc', '2068320');
INSERT INTO `staff` (`staff_reg_no`, `staff_name`, `staff_email`, `staff_date_of_birth`, `staff_gender`, `staff_nic`, `staff_nationality`, `staff_religion`, `password`, `basic_salary`) VALUES ('4', 'Abigail', 'gottlieb.retha@example.net', '2012-06-29', NULL, NULL, NULL, NULL, 'd77a01952b5de332297922d443441359df050e96', '1.5');
INSERT INTO `staff` (`staff_reg_no`, `staff_name`, `staff_email`, `staff_date_of_birth`, `staff_gender`, `staff_nic`, `staff_nationality`, `staff_religion`, `password`, `basic_salary`) VALUES ('408', 'Kenna', 'bartoletti.mattie@example.org', '1982-03-03', NULL, NULL, NULL, NULL, 'e65aa6da6b663d3e2e62fb1f4e510308d4bd3d98', '79');
INSERT INTO `staff` (`staff_reg_no`, `staff_name`, `staff_email`, `staff_date_of_birth`, `staff_gender`, `staff_nic`, `staff_nationality`, `staff_religion`, `password`, `basic_salary`) VALUES ('44029', 'Hadley', 'acrist@example.com', '1986-09-02', NULL, NULL, NULL, NULL, '5de98ad3e0967f0c9aa74fa1ed966e238b78323b', '199600000');
INSERT INTO `staff` (`staff_reg_no`, `staff_name`, `staff_email`, `staff_date_of_birth`, `staff_gender`, `staff_nic`, `staff_nationality`, `staff_religion`, `password`, `basic_salary`) VALUES ('44043433', 'Alejandra', 'bgutmann@example.org', '1977-09-16', NULL, NULL, NULL, NULL, 'bb8c5787483194d49e6bdfdefe1edfa8ef4ca96f', '431.4');
INSERT INTO `staff` (`staff_reg_no`, `staff_name`, `staff_email`, `staff_date_of_birth`, `staff_gender`, `staff_nic`, `staff_nationality`, `staff_religion`, `password`, `basic_salary`) VALUES ('4467', 'Lenore', 'fisher.leora@example.com', '1985-07-17', NULL, NULL, NULL, NULL, '5427dadee7984be0fdf521b5bf28d39b2ab9db04', '1.6925');
INSERT INTO `staff` (`staff_reg_no`, `staff_name`, `staff_email`, `staff_date_of_birth`, `staff_gender`, `staff_nic`, `staff_nationality`, `staff_religion`, `password`, `basic_salary`) VALUES ('4718565', 'Estelle', 'londricka@example.org', '1991-08-07', NULL, NULL, NULL, NULL, '946d475a1da9712f0d981aa6c9d41b649289497f', '377309');
INSERT INTO `staff` (`staff_reg_no`, `staff_name`, `staff_email`, `staff_date_of_birth`, `staff_gender`, `staff_nic`, `staff_nationality`, `staff_religion`, `password`, `basic_salary`) VALUES ('48128', 'Elmira', 'madge.price@example.com', '1978-07-13', NULL, NULL, NULL, NULL, '7f524c11374d5ad5cfad1f5b330e05aac68f0a5e', '65.7292');
INSERT INTO `staff` (`staff_reg_no`, `staff_name`, `staff_email`, `staff_date_of_birth`, `staff_gender`, `staff_nic`, `staff_nationality`, `staff_religion`, `password`, `basic_salary`) VALUES ('485', 'Sierra', 'olson.sonya@example.net', '2013-11-27', NULL, NULL, NULL, NULL, '267ce96ae62427655d133f672e3cb9b07db54cfb', '1720720');
INSERT INTO `staff` (`staff_reg_no`, `staff_name`, `staff_email`, `staff_date_of_birth`, `staff_gender`, `staff_nic`, `staff_nationality`, `staff_religion`, `password`, `basic_salary`) VALUES ('490660577', 'Cary', 'charles30@example.org', '1982-01-18', NULL, NULL, NULL, NULL, '6d35cc4756984a9f037c5e0bf11e78f5834c317f', '8');
INSERT INTO `staff` (`staff_reg_no`, `staff_name`, `staff_email`, `staff_date_of_birth`, `staff_gender`, `staff_nic`, `staff_nationality`, `staff_religion`, `password`, `basic_salary`) VALUES ('5', 'Evangeline', 'ulices96@example.com', '1980-12-12', NULL, NULL, NULL, NULL, 'c23d8eafc3abdac14b5f34386f0b0caacdfb83e1', '7479.63');
INSERT INTO `staff` (`staff_reg_no`, `staff_name`, `staff_email`, `staff_date_of_birth`, `staff_gender`, `staff_nic`, `staff_nationality`, `staff_religion`, `password`, `basic_salary`) VALUES ('50487', 'Braxton', 'mante.brody@example.org', '1990-11-10', NULL, NULL, NULL, NULL, 'aa9231008c68a1839fa4b0f14f1334db01576f74', '154583000');
INSERT INTO `staff` (`staff_reg_no`, `staff_name`, `staff_email`, `staff_date_of_birth`, `staff_gender`, `staff_nic`, `staff_nationality`, `staff_religion`, `password`, `basic_salary`) VALUES ('5212944', 'Blake', 'leannon.gust@example.net', '1982-10-15', NULL, NULL, NULL, NULL, '4884bd59c89a132b9de33735f37bbc284af6f99d', '140710');
INSERT INTO `staff` (`staff_reg_no`, `staff_name`, `staff_email`, `staff_date_of_birth`, `staff_gender`, `staff_nic`, `staff_nationality`, `staff_religion`, `password`, `basic_salary`) VALUES ('53416', 'Laron', 'friesen.assunta@example.com', '2008-03-10', NULL, NULL, NULL, NULL, '10e9f5da71f16760193d386186df13d70788b801', '83062100');
INSERT INTO `staff` (`staff_reg_no`, `staff_name`, `staff_email`, `staff_date_of_birth`, `staff_gender`, `staff_nic`, `staff_nationality`, `staff_religion`, `password`, `basic_salary`) VALUES ('54', 'Kyleigh', 'sofia45@example.org', '1976-04-17', NULL, NULL, NULL, NULL, 'f67ff9ae47bc2e55b27fec208af8301b3aec18df', '393406');
INSERT INTO `staff` (`staff_reg_no`, `staff_name`, `staff_email`, `staff_date_of_birth`, `staff_gender`, `staff_nic`, `staff_nationality`, `staff_religion`, `password`, `basic_salary`) VALUES ('56', 'Evert', 'hester.smith@example.org', '1982-09-03', NULL, NULL, NULL, NULL, '404ef3e1388e47ae3df5ba82a209af2039257656', '8883.5');
INSERT INTO `staff` (`staff_reg_no`, `staff_name`, `staff_email`, `staff_date_of_birth`, `staff_gender`, `staff_nic`, `staff_nationality`, `staff_religion`, `password`, `basic_salary`) VALUES ('57365', 'Matt', 'green.zena@example.net', '2008-09-10', NULL, NULL, NULL, NULL, '73fb41b0f0b4a5f9333e64cfa5440db1e2d60982', '1');
INSERT INTO `staff` (`staff_reg_no`, `staff_name`, `staff_email`, `staff_date_of_birth`, `staff_gender`, `staff_nic`, `staff_nationality`, `staff_religion`, `password`, `basic_salary`) VALUES ('5961', 'Kacey', 'ernestina.langosh@example.com', '2015-02-04', NULL, NULL, NULL, NULL, '8cb5d87316cd45cf40a3c755f2de1057509cb6dd', '25223.1');
INSERT INTO `staff` (`staff_reg_no`, `staff_name`, `staff_email`, `staff_date_of_birth`, `staff_gender`, `staff_nic`, `staff_nationality`, `staff_religion`, `password`, `basic_salary`) VALUES ('6', 'Rollin', 'ohaag@example.net', '1998-08-24', NULL, NULL, NULL, NULL, 'fdcde9842ac45439f885a0099c1948bcca491836', '110331');
INSERT INTO `staff` (`staff_reg_no`, `staff_name`, `staff_email`, `staff_date_of_birth`, `staff_gender`, `staff_nic`, `staff_nationality`, `staff_religion`, `password`, `basic_salary`) VALUES ('6007', 'William', 'victor01@example.net', '1989-10-08', NULL, NULL, NULL, NULL, '5442875de6565c99c90add9d5195bcd11a7806b8', '0');
INSERT INTO `staff` (`staff_reg_no`, `staff_name`, `staff_email`, `staff_date_of_birth`, `staff_gender`, `staff_nic`, `staff_nationality`, `staff_religion`, `password`, `basic_salary`) VALUES ('605', 'Charley', 'breitenberg.aaron@example.net', '1979-04-25', NULL, NULL, NULL, NULL, '1076cd9f2cbac045de3df455824fb485679dd8e2', '1982.01');
INSERT INTO `staff` (`staff_reg_no`, `staff_name`, `staff_email`, `staff_date_of_birth`, `staff_gender`, `staff_nic`, `staff_nationality`, `staff_religion`, `password`, `basic_salary`) VALUES ('6223815', 'Danyka', 'hellen19@example.org', '1993-04-21', NULL, NULL, NULL, NULL, '5e6b116c1d56a38a2268e08db9d900b080d4f4b6', '821.881');
INSERT INTO `staff` (`staff_reg_no`, `staff_name`, `staff_email`, `staff_date_of_birth`, `staff_gender`, `staff_nic`, `staff_nationality`, `staff_religion`, `password`, `basic_salary`) VALUES ('634592', 'Braxton', 'schuppe.hosea@example.net', '1977-01-24', NULL, NULL, NULL, NULL, '159dbce21a832c77c64f9032db20ef8f602ae028', '95178900');
INSERT INTO `staff` (`staff_reg_no`, `staff_name`, `staff_email`, `staff_date_of_birth`, `staff_gender`, `staff_nic`, `staff_nationality`, `staff_religion`, `password`, `basic_salary`) VALUES ('64', 'Fay', 'joshua79@example.net', '2010-06-05', NULL, NULL, NULL, NULL, '7ab7ce1546de752ef6eee200bdd1008d616b62fb', '294788');
INSERT INTO `staff` (`staff_reg_no`, `staff_name`, `staff_email`, `staff_date_of_birth`, `staff_gender`, `staff_nic`, `staff_nationality`, `staff_religion`, `password`, `basic_salary`) VALUES ('652280', 'Taryn', 'laisha73@example.org', '1983-08-24', NULL, NULL, NULL, NULL, '1a10d065729a5e01c1873706825056bf4b8a48ae', '4088.38');
INSERT INTO `staff` (`staff_reg_no`, `staff_name`, `staff_email`, `staff_date_of_birth`, `staff_gender`, `staff_nic`, `staff_nationality`, `staff_religion`, `password`, `basic_salary`) VALUES ('6615', 'Hazel', 'ldickinson@example.org', '1977-08-08', NULL, NULL, NULL, NULL, '70238bb4a384a4d7c66fd5957ad96e14fc779ab6', '3689.11');
INSERT INTO `staff` (`staff_reg_no`, `staff_name`, `staff_email`, `staff_date_of_birth`, `staff_gender`, `staff_nic`, `staff_nationality`, `staff_religion`, `password`, `basic_salary`) VALUES ('672751', 'Garfield', 'lklocko@example.net', '1976-02-09', NULL, NULL, NULL, NULL, '6bf87d87684b488b7e60b2f59251264666c621f1', '3.194');
INSERT INTO `staff` (`staff_reg_no`, `staff_name`, `staff_email`, `staff_date_of_birth`, `staff_gender`, `staff_nic`, `staff_nationality`, `staff_religion`, `password`, `basic_salary`) VALUES ('691', 'Broderick', 'sschoen@example.org', '1983-11-05', NULL, NULL, NULL, NULL, '99ab92b3f52375eebd0e5030762c1eb31eeade2a', '174.106');
INSERT INTO `staff` (`staff_reg_no`, `staff_name`, `staff_email`, `staff_date_of_birth`, `staff_gender`, `staff_nic`, `staff_nationality`, `staff_religion`, `password`, `basic_salary`) VALUES ('69226', 'Chase', 'qhowe@example.com', '2012-10-01', NULL, NULL, NULL, NULL, '594ad1348582e98088bcbe704afe01b0185462ff', '24662');
INSERT INTO `staff` (`staff_reg_no`, `staff_name`, `staff_email`, `staff_date_of_birth`, `staff_gender`, `staff_nic`, `staff_nationality`, `staff_religion`, `password`, `basic_salary`) VALUES ('699809464', 'Lucie', 'homenick.lionel@example.org', '1988-06-28', NULL, NULL, NULL, NULL, 'c5bd54e019aad01acdda759ff2893482559a9dca', '76.06');
INSERT INTO `staff` (`staff_reg_no`, `staff_name`, `staff_email`, `staff_date_of_birth`, `staff_gender`, `staff_nic`, `staff_nationality`, `staff_religion`, `password`, `basic_salary`) VALUES ('7', 'Kathryne', 'abigail08@example.com', '2009-03-19', NULL, NULL, NULL, NULL, '08589893eb711a19b8aff0013d5dc33bfd0b547b', '4825900');
INSERT INTO `staff` (`staff_reg_no`, `staff_name`, `staff_email`, `staff_date_of_birth`, `staff_gender`, `staff_nic`, `staff_nationality`, `staff_religion`, `password`, `basic_salary`) VALUES ('7018', 'Aletha', 'erich94@example.net', '1981-09-18', NULL, NULL, NULL, NULL, '38f8b17478fe54854b9e7503b7a48fb8bd26c214', '4782310');
INSERT INTO `staff` (`staff_reg_no`, `staff_name`, `staff_email`, `staff_date_of_birth`, `staff_gender`, `staff_nic`, `staff_nationality`, `staff_religion`, `password`, `basic_salary`) VALUES ('70825027', 'Edwin', 'ted.huels@example.net', '2009-03-19', NULL, NULL, NULL, NULL, '2318492a1e6938c4eaed6509f5e5d447ebf0c0a6', '0.491156');
INSERT INTO `staff` (`staff_reg_no`, `staff_name`, `staff_email`, `staff_date_of_birth`, `staff_gender`, `staff_nic`, `staff_nationality`, `staff_religion`, `password`, `basic_salary`) VALUES ('717', 'Bruce', 'rafael.sauer@example.org', '2022-03-14', NULL, NULL, NULL, NULL, '69b0cfce6655e04db851747b9cac07c263013a56', '4.6');
INSERT INTO `staff` (`staff_reg_no`, `staff_name`, `staff_email`, `staff_date_of_birth`, `staff_gender`, `staff_nic`, `staff_nationality`, `staff_religion`, `password`, `basic_salary`) VALUES ('71940', 'Carroll', 'gottlieb.lenna@example.org', '1976-09-21', NULL, NULL, NULL, NULL, '27e93220ee053c2738747fc5a6db9d826e8211a0', '0');
INSERT INTO `staff` (`staff_reg_no`, `staff_name`, `staff_email`, `staff_date_of_birth`, `staff_gender`, `staff_nic`, `staff_nationality`, `staff_religion`, `password`, `basic_salary`) VALUES ('736217', 'Cortney', 'haven67@example.com', '1998-10-11', NULL, NULL, NULL, NULL, '0fb87ef2452206c126caef05b88310f0e58dbebe', '838569000');
INSERT INTO `staff` (`staff_reg_no`, `staff_name`, `staff_email`, `staff_date_of_birth`, `staff_gender`, `staff_nic`, `staff_nationality`, `staff_religion`, `password`, `basic_salary`) VALUES ('7410', 'Rosa', 'norris.kessler@example.net', '2003-01-06', NULL, NULL, NULL, NULL, 'bb8c82f8ab1f54b8584b3afa6d9f96f3488b7d13', '36359100');
INSERT INTO `staff` (`staff_reg_no`, `staff_name`, `staff_email`, `staff_date_of_birth`, `staff_gender`, `staff_nic`, `staff_nationality`, `staff_religion`, `password`, `basic_salary`) VALUES ('75', 'Marshall', 'jack.braun@example.org', '2001-01-12', NULL, NULL, NULL, NULL, 'd9110a44f185b54bec830d0cde622ab5aba03e27', '23.0174');
INSERT INTO `staff` (`staff_reg_no`, `staff_name`, `staff_email`, `staff_date_of_birth`, `staff_gender`, `staff_nic`, `staff_nationality`, `staff_religion`, `password`, `basic_salary`) VALUES ('7783628', 'Alexys', 'candice.baumbach@example.net', '1971-08-29', NULL, NULL, NULL, NULL, '9c08e110c1c5fdcbfde2f94654fc3409439116da', '717.5');
INSERT INTO `staff` (`staff_reg_no`, `staff_name`, `staff_email`, `staff_date_of_birth`, `staff_gender`, `staff_nic`, `staff_nationality`, `staff_religion`, `password`, `basic_salary`) VALUES ('78', 'Christ', 'xcrona@example.org', '1990-11-02', NULL, NULL, NULL, NULL, '1ffd36e1f6db349a1c291afd79d90cff326bfea8', '203.474');
INSERT INTO `staff` (`staff_reg_no`, `staff_name`, `staff_email`, `staff_date_of_birth`, `staff_gender`, `staff_nic`, `staff_nationality`, `staff_religion`, `password`, `basic_salary`) VALUES ('79', 'Sage', 'hodkiewicz.kris@example.net', '1983-07-28', NULL, NULL, NULL, NULL, 'f1609b872a0de9d01353706399ded6d27f3c023d', '70517800');
INSERT INTO `staff` (`staff_reg_no`, `staff_name`, `staff_email`, `staff_date_of_birth`, `staff_gender`, `staff_nic`, `staff_nationality`, `staff_religion`, `password`, `basic_salary`) VALUES ('8', 'Leatha', 'usanford@example.com', '1999-02-03', NULL, NULL, NULL, NULL, '1e328432981e0b1587aad193abee3088032ac383', '11674000');
INSERT INTO `staff` (`staff_reg_no`, `staff_name`, `staff_email`, `staff_date_of_birth`, `staff_gender`, `staff_nic`, `staff_nationality`, `staff_religion`, `password`, `basic_salary`) VALUES ('8287576', 'Alfreda', 'kamron.medhurst@example.com', '2013-02-06', NULL, NULL, NULL, NULL, '8b8be8e081d8d0c3c26bb4091914f9e35f6d8912', '52.7702');
INSERT INTO `staff` (`staff_reg_no`, `staff_name`, `staff_email`, `staff_date_of_birth`, `staff_gender`, `staff_nic`, `staff_nationality`, `staff_religion`, `password`, `basic_salary`) VALUES ('83588', 'Noelia', 'dillon57@example.com', '1980-05-19', NULL, NULL, NULL, NULL, 'e064574bff5596e20ff3cc5d721b78b390f11113', '13801800');
INSERT INTO `staff` (`staff_reg_no`, `staff_name`, `staff_email`, `staff_date_of_birth`, `staff_gender`, `staff_nic`, `staff_nationality`, `staff_religion`, `password`, `basic_salary`) VALUES ('84865159', 'Hettie', 'joberbrunner@example.com', '2021-07-01', NULL, NULL, NULL, NULL, '03d60d3f1e0a932d764e8ba87d86d311e801823c', '389.963');
INSERT INTO `staff` (`staff_reg_no`, `staff_name`, `staff_email`, `staff_date_of_birth`, `staff_gender`, `staff_nic`, `staff_nationality`, `staff_religion`, `password`, `basic_salary`) VALUES ('863', 'Mortimer', 'howell.marquardt@example.org', '1992-03-03', NULL, NULL, NULL, NULL, '7b9f3f46162c99d4f0d094b64415e886aa3826c0', '0');
INSERT INTO `staff` (`staff_reg_no`, `staff_name`, `staff_email`, `staff_date_of_birth`, `staff_gender`, `staff_nic`, `staff_nationality`, `staff_religion`, `password`, `basic_salary`) VALUES ('884', 'Herminia', 'roselyn.torphy@example.net', '2019-02-04', NULL, NULL, NULL, NULL, 'a961e00494d7e81d78c2453ffc859bf9b18de59c', '4.04988');
INSERT INTO `staff` (`staff_reg_no`, `staff_name`, `staff_email`, `staff_date_of_birth`, `staff_gender`, `staff_nic`, `staff_nationality`, `staff_religion`, `password`, `basic_salary`) VALUES ('89', 'Bartholome', 'claude.cummings@example.org', '1986-03-25', NULL, NULL, NULL, NULL, '77aaa3e8210ae59a3b00079fa37c981904e0e91f', '0');
INSERT INTO `staff` (`staff_reg_no`, `staff_name`, `staff_email`, `staff_date_of_birth`, `staff_gender`, `staff_nic`, `staff_nationality`, `staff_religion`, `password`, `basic_salary`) VALUES ('8904095', 'Eleonore', 'lakin.clementina@example.org', '2017-05-31', NULL, NULL, NULL, NULL, '1f81e994b8a8069f79e392b4a24c8ea6ef737007', '0');
INSERT INTO `staff` (`staff_reg_no`, `staff_name`, `staff_email`, `staff_date_of_birth`, `staff_gender`, `staff_nic`, `staff_nationality`, `staff_religion`, `password`, `basic_salary`) VALUES ('89532', 'Elenor', 'oceane23@example.net', '1970-01-28', NULL, NULL, NULL, NULL, 'd8490f3e27d1133f3356b2edbb201c227a8bc0e0', '877');
INSERT INTO `staff` (`staff_reg_no`, `staff_name`, `staff_email`, `staff_date_of_birth`, `staff_gender`, `staff_nic`, `staff_nationality`, `staff_religion`, `password`, `basic_salary`) VALUES ('90169', 'Emily', 'sanford.giles@example.com', '1976-12-18', NULL, NULL, NULL, NULL, '2943758f0e7f8f518d4d55b0d27a50522f79435f', '524.284');
INSERT INTO `staff` (`staff_reg_no`, `staff_name`, `staff_email`, `staff_date_of_birth`, `staff_gender`, `staff_nic`, `staff_nationality`, `staff_religion`, `password`, `basic_salary`) VALUES ('905795', 'Reanna', 'keenan05@example.org', '1979-05-18', NULL, NULL, NULL, NULL, '967191dd07140032aaaf91b2ae0bbb782a0b3c45', '2745920');
INSERT INTO `staff` (`staff_reg_no`, `staff_name`, `staff_email`, `staff_date_of_birth`, `staff_gender`, `staff_nic`, `staff_nationality`, `staff_religion`, `password`, `basic_salary`) VALUES ('912', 'Caleigh', 'ida.thompson@example.org', '2004-01-23', NULL, NULL, NULL, NULL, 'a425ea925f14261d6b40bcb16c1e167d5eafa67e', '0');
INSERT INTO `staff` (`staff_reg_no`, `staff_name`, `staff_email`, `staff_date_of_birth`, `staff_gender`, `staff_nic`, `staff_nationality`, `staff_religion`, `password`, `basic_salary`) VALUES ('92177472', 'Leopold', 'jheller@example.org', '2008-08-08', NULL, NULL, NULL, NULL, '2e9e72fcb02685ff9d76469687ee27f4362fbb51', '459444');
INSERT INTO `staff` (`staff_reg_no`, `staff_name`, `staff_email`, `staff_date_of_birth`, `staff_gender`, `staff_nic`, `staff_nationality`, `staff_religion`, `password`, `basic_salary`) VALUES ('9264047', 'Helmer', 'martina.stoltenberg@example.net', '2007-07-22', NULL, NULL, NULL, NULL, '3d253ad5314be31432a812201692dd1221966d6d', '602684');
INSERT INTO `staff` (`staff_reg_no`, `staff_name`, `staff_email`, `staff_date_of_birth`, `staff_gender`, `staff_nic`, `staff_nationality`, `staff_religion`, `password`, `basic_salary`) VALUES ('93', 'Shanna', 'wpadberg@example.com', '1987-03-18', NULL, NULL, NULL, NULL, 'a6105bce5759575c4f5a7106b25843410c39eb24', '0');
INSERT INTO `staff` (`staff_reg_no`, `staff_name`, `staff_email`, `staff_date_of_birth`, `staff_gender`, `staff_nic`, `staff_nationality`, `staff_religion`, `password`, `basic_salary`) VALUES ('942102', 'Karley', 'hegmann.jennyfer@example.com', '1971-06-29', NULL, NULL, NULL, NULL, 'b73978b499c551342287c65303529907b695402d', '504.872');
INSERT INTO `staff` (`staff_reg_no`, `staff_name`, `staff_email`, `staff_date_of_birth`, `staff_gender`, `staff_nic`, `staff_nationality`, `staff_religion`, `password`, `basic_salary`) VALUES ('945969003', 'Kenton', 'cmayer@example.com', '2014-09-30', NULL, NULL, NULL, NULL, 'cc74e41b990d555620758e1a59ec611f24a348c9', '288542');
INSERT INTO `staff` (`staff_reg_no`, `staff_name`, `staff_email`, `staff_date_of_birth`, `staff_gender`, `staff_nic`, `staff_nationality`, `staff_religion`, `password`, `basic_salary`) VALUES ('952', 'Anabelle', 'armando.wolff@example.com', '1975-07-23', NULL, NULL, NULL, NULL, 'f095df068e4a815499ca7642ffdf76c728a3abfe', '92751.9');
INSERT INTO `staff` (`staff_reg_no`, `staff_name`, `staff_email`, `staff_date_of_birth`, `staff_gender`, `staff_nic`, `staff_nationality`, `staff_religion`, `password`, `basic_salary`) VALUES ('9605800', 'Jazmin', 'grady15@example.com', '2011-02-28', NULL, NULL, NULL, NULL, '065ac99faee5b1bf5b9c736366741a8f708a0679', '15027400');
INSERT INTO `staff` (`staff_reg_no`, `staff_name`, `staff_email`, `staff_date_of_birth`, `staff_gender`, `staff_nic`, `staff_nationality`, `staff_religion`, `password`, `basic_salary`) VALUES ('9634807', 'Elissa', 'qbotsford@example.net', '1983-10-24', NULL, NULL, NULL, NULL, '42b8ffe920b9695b556787b965d6a808f9989dca', '3063');
INSERT INTO `staff` (`staff_reg_no`, `staff_name`, `staff_email`, `staff_date_of_birth`, `staff_gender`, `staff_nic`, `staff_nationality`, `staff_religion`, `password`, `basic_salary`) VALUES ('96468', 'Aidan', 'von.brisa@example.org', '2021-02-11', NULL, NULL, NULL, NULL, 'b0aaba6f6c6a6f098cfdb4f8b8627cc755615cfa', '18864000');
INSERT INTO `staff` (`staff_reg_no`, `staff_name`, `staff_email`, `staff_date_of_birth`, `staff_gender`, `staff_nic`, `staff_nationality`, `staff_religion`, `password`, `basic_salary`) VALUES ('972', 'Viola', 'cgottlieb@example.org', '1971-07-04', NULL, NULL, NULL, NULL, 'b4f35044faffbdb0696f3db2053bac5c95149d84', '4299890');
INSERT INTO `staff` (`staff_reg_no`, `staff_name`, `staff_email`, `staff_date_of_birth`, `staff_gender`, `staff_nic`, `staff_nationality`, `staff_religion`, `password`, `basic_salary`) VALUES ('98', 'Gabrielle', 'clint96@example.org', '1975-05-19', NULL, NULL, NULL, NULL, '127328420a1b52c0fae513d142221a59e4d45a12', '625858');




INSERT INTO `staff_leave` (`leave_id`, `leave_start_date`, `leave_end_date`, `reason`, `leave_method_id`, `staff_reg_no`) VALUES (2, '1985-08-02', '1996-06-24', 'Cat: \'we\'re all mad here. I\'m mad. You\'re mad.\' \'How do you know the meaning of it appeared. \'I don\'t think--\' \'Then you keep moving round, I suppose?\' \'Yes,\' said Alice, and looking anxiously about.', 2, '1');
INSERT INTO `staff_leave` (`leave_id`, `leave_start_date`, `leave_end_date`, `reason`, `leave_method_id`, `staff_reg_no`) VALUES (3, '1978-10-23', '1983-11-05', 'Alice to herself, \'whenever I eat one of them.\' In another minute the whole she thought it had some kind of authority over Alice. \'Stand up and said, \'So you did, old fellow!\' said the King, with an.', 3, '103');
INSERT INTO `staff_leave` (`leave_id`, `leave_start_date`, `leave_end_date`, `reason`, `leave_method_id`, `staff_reg_no`) VALUES (4, '1995-06-30', '2016-01-05', 'Suppress him! Pinch him! Off with his knuckles. It was the BEST butter,\' the March Hare. \'It was a little girl she\'ll think me for a minute or two she walked on in a great hurry; \'and their names.', 4, '1170');
INSERT INTO `staff_leave` (`leave_id`, `leave_start_date`, `leave_end_date`, `reason`, `leave_method_id`, `staff_reg_no`) VALUES (5, '1978-02-03', '1989-09-20', 'MUST be more to do it! Oh dear! I shall remember it in time,\' said the last time she found herself in the schoolroom, and though this was his first speech. \'You should learn not to her, so she went.', 5, '1595685');
INSERT INTO `staff_leave` (`leave_id`, `leave_start_date`, `leave_end_date`, `reason`, `leave_method_id`, `staff_reg_no`) VALUES (6, '1997-04-24', '2019-02-26', 'Alice could not be denied, so she set to partners--\' \'--change lobsters, and retire in same order,\' continued the King. On this the White Rabbit blew three blasts on the end of the bread-and-butter..', 6, '161626');
INSERT INTO `staff_leave` (`leave_id`, `leave_start_date`, `leave_end_date`, `reason`, `leave_method_id`, `staff_reg_no`) VALUES (7, '1971-12-10', '1988-09-29', 'Footman, and began picking them up again as she could, and soon found an opportunity of saying to her chin upon Alice\'s shoulder, and it sat down again in a very hopeful tone though), \'I won\'t.', 7, '16994965');
INSERT INTO `staff_leave` (`leave_id`, `leave_start_date`, `leave_end_date`, `reason`, `leave_method_id`, `staff_reg_no`) VALUES (8, '2012-04-23', '1984-10-21', 'Queen added to one of the busy farm-yard--while the lowing of the game, the Queen in a few minutes it puffed away without speaking, but at last turned sulky, and would only say, \'I am older than.', 8, '171');
INSERT INTO `staff_leave` (`leave_id`, `leave_start_date`, `leave_end_date`, `reason`, `leave_method_id`, `staff_reg_no`) VALUES (9, '2014-07-08', '2008-11-22', 'I\'ll have you executed on the slate. \'Herald, read the accusation!\' said the Caterpillar. \'Well, perhaps you were never even spoke to Time!\' \'Perhaps not,\' Alice replied eagerly, for she had never.', 9, '177152');
INSERT INTO `staff_leave` (`leave_id`, `leave_start_date`, `leave_end_date`, `reason`, `leave_method_id`, `staff_reg_no`) VALUES (10, '1986-09-21', '1991-09-18', 'Alice timidly. \'Would you like to see it again, but it makes rather a hard word, I will prosecute YOU.--Come, I\'ll take no denial; We must have imitated somebody else\'s hand,\' said the Queen. \'Can.', 10, '1781');
INSERT INTO `staff_leave` (`leave_id`, `leave_start_date`, `leave_end_date`, `reason`, `leave_method_id`, `staff_reg_no`) VALUES (11, '2004-03-11', '2020-12-10', 'Dormouse say?\' one of the Gryphon, and the three gardeners instantly threw themselves flat upon their faces, so that her flamingo was gone across to the table to measure herself by it, and burning.', 11, '18807');
INSERT INTO `staff_leave` (`leave_id`, `leave_start_date`, `leave_end_date`, `reason`, `leave_method_id`, `staff_reg_no`) VALUES (12, '2001-08-15', '1976-03-14', 'And it\'ll fetch things when you have just been picked up.\' \'What\'s in it?\' said the Mouse, who seemed too much overcome to do it.\' (And, as you might like to show you! A little bright-eyed terrier,.', 12, '19507');
INSERT INTO `staff_leave` (`leave_id`, `leave_start_date`, `leave_end_date`, `reason`, `leave_method_id`, `staff_reg_no`) VALUES (13, '2015-08-24', '1983-06-10', 'I to get rather sleepy, and went back to the croquet-ground. The other side will make you dry enough!\' They all returned from him to you, Though they were playing the Queen of Hearts were seated on.', 13, '196912');
INSERT INTO `staff_leave` (`leave_id`, `leave_start_date`, `leave_end_date`, `reason`, `leave_method_id`, `staff_reg_no`) VALUES (14, '1970-08-14', '2003-09-23', 'His voice has a timid and tremulous sound.] \'That\'s different from what I eat\" is the use of a sea of green leaves that lay far below her. \'What CAN all that green stuff be?\' said Alice. \'Why, there.', 14, '2');
INSERT INTO `staff_leave` (`leave_id`, `leave_start_date`, `leave_end_date`, `reason`, `leave_method_id`, `staff_reg_no`) VALUES (15, '1997-01-16', '1994-06-17', 'William\'s conduct at first was in such long curly brown hair! And it\'ll fetch things when you come to the porpoise, \"Keep back, please: we don\'t want to see its meaning. \'And just as well as if she.', 15, '210');
INSERT INTO `staff_leave` (`leave_id`, `leave_start_date`, `leave_end_date`, `reason`, `leave_method_id`, `staff_reg_no`) VALUES (16, '2020-06-07', '2002-01-18', 'I used to call him Tortoise--\' \'Why did they live at the Lizard in head downwards, and the Mock Turtle, suddenly dropping his voice; and the turtles all advance! They are waiting on the bank, and of.', 16, '218973868');
INSERT INTO `staff_leave` (`leave_id`, `leave_start_date`, `leave_end_date`, `reason`, `leave_method_id`, `staff_reg_no`) VALUES (17, '2019-11-09', '2009-04-23', 'How brave they\'ll all think me for his housemaid,\' she said to herself; \'his eyes are so VERY wide, but she saw maps and pictures hung upon pegs. She took down a very grave voice, \'until all the.', 17, '227239949');
INSERT INTO `staff_leave` (`leave_id`, `leave_start_date`, `leave_end_date`, `reason`, `leave_method_id`, `staff_reg_no`) VALUES (18, '1974-03-24', '1991-03-17', 'I\'m I, and--oh dear, how puzzling it all seemed quite natural to Alice as he spoke. \'A cat may look at a king,\' said Alice. \'I don\'t like them!\' When the procession moved on, three of the Shark,.', 18, '251');
INSERT INTO `staff_leave` (`leave_id`, `leave_start_date`, `leave_end_date`, `reason`, `leave_method_id`, `staff_reg_no`) VALUES (19, '1986-05-18', '1976-03-09', 'There was no \'One, two, three, and away,\' but they all crowded round it, panting, and asking, \'But who is to give the hedgehog a blow with its arms folded, quietly smoking a long and a sad tale!\'.', 19, '267458638');
INSERT INTO `staff_leave` (`leave_id`, `leave_start_date`, `leave_end_date`, `reason`, `leave_method_id`, `staff_reg_no`) VALUES (20, '1996-11-12', '1971-07-05', 'There was no time she\'d have everybody executed, all round. \'But she must have got altered.\' \'It is wrong from beginning to feel which way it was done. They had a head unless there was mouth enough.', 20, '2687');
INSERT INTO `staff_leave` (`leave_id`, `leave_start_date`, `leave_end_date`, `reason`, `leave_method_id`, `staff_reg_no`) VALUES (21, '2020-04-03', '1986-01-26', 'While the Panther received knife and fork with a whiting. Now you know.\' \'Not at all,\' said the Mock Turtle in a very grave voice, \'until all the same, shedding gallons of tears, but said nothing..', 21, '2796');
INSERT INTO `staff_leave` (`leave_id`, `leave_start_date`, `leave_end_date`, `reason`, `leave_method_id`, `staff_reg_no`) VALUES (22, '2016-09-24', '1978-02-20', 'The three soldiers wandered about for some minutes. Alice thought she had found her way through the doorway; \'and even if my head would go through,\' thought poor Alice, who was peeping anxiously.', 22, '2842');
INSERT INTO `staff_leave` (`leave_id`, `leave_start_date`, `leave_end_date`, `reason`, `leave_method_id`, `staff_reg_no`) VALUES (23, '2018-02-21', '1982-12-30', 'Alice looked up, and began bowing to the other, and growing sometimes taller and sometimes shorter, until she had brought herself down to them, they set to work shaking him and punching him in the.', 23, '29577');
INSERT INTO `staff_leave` (`leave_id`, `leave_start_date`, `leave_end_date`, `reason`, `leave_method_id`, `staff_reg_no`) VALUES (24, '2014-02-21', '1988-11-21', 'I\'m quite tired of being upset, and their curls got entangled together. Alice laughed so much about a foot high: then she noticed that the pebbles were all talking at once, while all the other paw,.', 24, '3');
INSERT INTO `staff_leave` (`leave_id`, `leave_start_date`, `leave_end_date`, `reason`, `leave_method_id`, `staff_reg_no`) VALUES (25, '1975-06-01', '2022-01-12', 'Alice opened the door between us. For instance, if you like,\' said the King said to the law, And argued each case with MINE,\' said the Dormouse. \'Don\'t talk nonsense,\' said Alice timidly. \'Would you.', 25, '3091756');
INSERT INTO `staff_leave` (`leave_id`, `leave_start_date`, `leave_end_date`, `reason`, `leave_method_id`, `staff_reg_no`) VALUES (26, '2012-06-20', '1997-03-15', 'Footman went on without attending to her, though, as they lay on the twelfth?\' Alice went on again: \'Twenty-four hours, I THINK; or is it I can\'t remember,\' said the Mock Turtle. \'Very much indeed,\'.', 26, '31490');
INSERT INTO `staff_leave` (`leave_id`, `leave_start_date`, `leave_end_date`, `reason`, `leave_method_id`, `staff_reg_no`) VALUES (27, '2000-05-29', '2011-12-09', 'For the Mouse heard this, it turned a back-somersault in at once.\' And in she went. Once more she found herself safe in a hoarse, feeble voice: \'I heard every word you fellows were saying.\' \'Tell us.', 27, '316742');
INSERT INTO `staff_leave` (`leave_id`, `leave_start_date`, `leave_end_date`, `reason`, `leave_method_id`, `staff_reg_no`) VALUES (28, '1972-04-10', '1997-12-11', 'Gryphon, the squeaking of the country is, you ARE a simpleton.\' Alice did not come the same side of the legs of the conversation. Alice felt dreadfully puzzled. The Hatter\'s remark seemed to be.', 28, '32793');
INSERT INTO `staff_leave` (`leave_id`, `leave_start_date`, `leave_end_date`, `reason`, `leave_method_id`, `staff_reg_no`) VALUES (29, '1973-03-03', '1992-01-31', 'Just then she remembered how small she was now about a thousand times as large as himself, and this time she heard her sentence three of her favourite word \'moral,\' and the Hatter said, tossing his.', 29, '33834903');
INSERT INTO `staff_leave` (`leave_id`, `leave_start_date`, `leave_end_date`, `reason`, `leave_method_id`, `staff_reg_no`) VALUES (30, '1975-11-26', '1997-03-12', 'Alice, looking down with one finger for the Dormouse,\' thought Alice; \'I might as well say,\' added the Queen. \'Well, I shan\'t grow any more--As it is, I suppose?\' \'Yes,\' said Alice in a deep, hollow.', 30, '34064');
INSERT INTO `staff_leave` (`leave_id`, `leave_start_date`, `leave_end_date`, `reason`, `leave_method_id`, `staff_reg_no`) VALUES (31, '1974-02-23', '2010-02-07', 'King, who had been looking over his shoulder with some curiosity. \'What a curious dream, dear, certainly: but now run in to your tea; it\'s getting late.\' So Alice got up and ran the faster, while.', 31, '3433');
INSERT INTO `staff_leave` (`leave_id`, `leave_start_date`, `leave_end_date`, `reason`, `leave_method_id`, `staff_reg_no`) VALUES (32, '2011-08-18', '2007-09-07', 'I don\'t care which happens!\' She ate a little nervous about this; \'for it might end, you know,\' the Mock Turtle sighed deeply, and drew the back of one flapper across his eyes. \'I wasn\'t asleep,\' he.', 32, '34417368');
INSERT INTO `staff_leave` (`leave_id`, `leave_start_date`, `leave_end_date`, `reason`, `leave_method_id`, `staff_reg_no`) VALUES (33, '2019-11-18', '2017-10-15', 'There was no more to do it?\' \'In my youth,\' Father William replied to his ear. Alice considered a little girl or a serpent?\' \'It matters a good many little girls in my size; and as it went, \'One.', 33, '347153731');
INSERT INTO `staff_leave` (`leave_id`, `leave_start_date`, `leave_end_date`, `reason`, `leave_method_id`, `staff_reg_no`) VALUES (34, '1977-07-28', '2014-02-11', 'Hatter. \'He won\'t stand beating. Now, if you drink much from a Caterpillar The Caterpillar was the same thing with you,\' said the Caterpillar. \'Well, I\'ve tried banks, and I\'ve tried hedges,\' the.', 34, '3475');
INSERT INTO `staff_leave` (`leave_id`, `leave_start_date`, `leave_end_date`, `reason`, `leave_method_id`, `staff_reg_no`) VALUES (35, '1996-08-12', '2018-07-24', 'I wonder?\' And here poor Alice began in a deep voice, \'What are you thinking of?\' \'I beg pardon, your Majesty,\' he began. \'You\'re a very little use without my shoulders. Oh, how I wish you wouldn\'t.', 35, '3613172');
INSERT INTO `staff_leave` (`leave_id`, `leave_start_date`, `leave_end_date`, `reason`, `leave_method_id`, `staff_reg_no`) VALUES (36, '2008-10-16', '2007-09-02', 'Two began in a trembling voice:-- \'I passed by his face only, she would feel with all speed back to her: first, because the chimneys were shaped like ears and the little golden key was lying under.', 36, '377713642');
INSERT INTO `staff_leave` (`leave_id`, `leave_start_date`, `leave_end_date`, `reason`, `leave_method_id`, `staff_reg_no`) VALUES (37, '1997-06-03', '1984-09-22', 'They all returned from him to you, Though they were all writing very busily on slates. \'What are tarts made of?\' Alice asked in a whisper, half afraid that it was perfectly round, she came suddenly.', 37, '390344');
INSERT INTO `staff_leave` (`leave_id`, `leave_start_date`, `leave_end_date`, `reason`, `leave_method_id`, `staff_reg_no`) VALUES (38, '1997-06-18', '1986-09-10', 'Alice said with a sigh. \'I only took the watch and looked at it again: but he now hastily began again, using the ink, that was sitting on the glass table as before, \'and things are \"much of a book,\'.', 38, '4');
INSERT INTO `staff_leave` (`leave_id`, `leave_start_date`, `leave_end_date`, `reason`, `leave_method_id`, `staff_reg_no`) VALUES (39, '1996-09-09', '2021-05-13', 'Knave. The Knave did so, very carefully, with one eye; \'I seem to have got in as well,\' the Hatter said, tossing his head contemptuously. \'I dare say there may be different,\' said Alice; \'that\'s not.', 39, '408');
INSERT INTO `staff_leave` (`leave_id`, `leave_start_date`, `leave_end_date`, `reason`, `leave_method_id`, `staff_reg_no`) VALUES (40, '1975-01-28', '2022-02-15', 'I fancied that kind of sob, \'I\'ve tried every way, and the pattern on their slates, and then dipped suddenly down, so suddenly that Alice quite jumped; but she ran off at once to eat the comfits:.', 40, '44029');
INSERT INTO `staff_leave` (`leave_id`, `leave_start_date`, `leave_end_date`, `reason`, `leave_method_id`, `staff_reg_no`) VALUES (41, '2022-04-11', '2008-06-02', 'She felt very lonely and low-spirited. In a minute or two, which gave the Pigeon in a trembling voice:-- \'I passed by his face only, she would gather about her pet: \'Dinah\'s our cat. And she\'s such.', 41, '44043433');
INSERT INTO `staff_leave` (`leave_id`, `leave_start_date`, `leave_end_date`, `reason`, `leave_method_id`, `staff_reg_no`) VALUES (42, '1974-10-10', '2018-11-25', 'Dormouse began in a low trembling voice, \'Let us get to the other, and growing sometimes taller and sometimes shorter, until she made out the answer to it?\' said the Gryphon replied rather crossly:.', 42, '4467');
INSERT INTO `staff_leave` (`leave_id`, `leave_start_date`, `leave_end_date`, `reason`, `leave_method_id`, `staff_reg_no`) VALUES (43, '1986-05-28', '1974-08-22', 'Alice waited a little, \'From the Queen. \'Never!\' said the Caterpillar sternly. \'Explain yourself!\' \'I can\'t remember things as I used--and I don\'t keep the same thing, you know.\' \'And what an.', 43, '4718565');
INSERT INTO `staff_leave` (`leave_id`, `leave_start_date`, `leave_end_date`, `reason`, `leave_method_id`, `staff_reg_no`) VALUES (44, '2013-12-14', '2005-11-25', 'Rabbit was still in existence; \'and now for the immediate adoption of more energetic remedies--\' \'Speak English!\' said the Mouse. \'--I proceed. \"Edwin and Morcar, the earls of Mercia and.', 44, '48128');
INSERT INTO `staff_leave` (`leave_id`, `leave_start_date`, `leave_end_date`, `reason`, `leave_method_id`, `staff_reg_no`) VALUES (45, '1981-08-30', '1972-04-22', 'As soon as look at me like a wild beast, screamed \'Off with his nose, you know?\' \'It\'s the oldest rule in the wood, \'is to grow larger again, and we won\'t talk about cats or dogs either, if you hold.', 45, '485');
INSERT INTO `staff_leave` (`leave_id`, `leave_start_date`, `leave_end_date`, `reason`, `leave_method_id`, `staff_reg_no`) VALUES (46, '2000-05-05', '2003-04-20', 'Alice indignantly. \'Let me alone!\' \'Serpent, I say again!\' repeated the Pigeon, raising its voice to its children, \'Come away, my dears! It\'s high time you were all crowded together at one and then.', 46, '490660577');
INSERT INTO `staff_leave` (`leave_id`, `leave_start_date`, `leave_end_date`, `reason`, `leave_method_id`, `staff_reg_no`) VALUES (47, '1978-02-20', '2014-05-31', 'Duchess, it had fallen into a small passage, not much like keeping so close to her that she ran off at once: one old Magpie began wrapping itself up very carefully, with one finger for the next.', 47, '5');
INSERT INTO `staff_leave` (`leave_id`, `leave_start_date`, `leave_end_date`, `reason`, `leave_method_id`, `staff_reg_no`) VALUES (48, '1970-01-20', '1973-12-08', 'I ever saw one that size? Why, it fills the whole cause, and condemn you to sit down without being seen, when she was quite out of the thing at all. However, \'jury-men\' would have appeared to them.', 48, '50487');
INSERT INTO `staff_leave` (`leave_id`, `leave_start_date`, `leave_end_date`, `reason`, `leave_method_id`, `staff_reg_no`) VALUES (49, '2003-09-02', '1980-01-08', 'Pigeon. \'I can see you\'re trying to invent something!\' \'I--I\'m a little worried. \'Just about as she heard it before,\' said Alice,) and round goes the clock in a hot tureen! Who for such a nice.', 49, '5212944');
INSERT INTO `staff_leave` (`leave_id`, `leave_start_date`, `leave_end_date`, `reason`, `leave_method_id`, `staff_reg_no`) VALUES (50, '1973-08-07', '2014-11-24', 'Latitude was, or Longitude I\'ve got to come once a week: HE taught us Drawling, Stretching, and Fainting in Coils.\' \'What was THAT like?\' said Alice. \'You must be,\' said the Caterpillar. \'Well, I.', 50, '53416');
INSERT INTO `staff_leave` (`leave_id`, `leave_start_date`, `leave_end_date`, `reason`, `leave_method_id`, `staff_reg_no`) VALUES (51, '1999-01-25', '1983-02-19', 'WOULD go with the time,\' she said this, she noticed that the hedgehog to, and, as the Lory positively refused to tell him. \'A nice muddle their slates\'ll be in before the end of his shrill little.', 51, '54');
INSERT INTO `staff_leave` (`leave_id`, `leave_start_date`, `leave_end_date`, `reason`, `leave_method_id`, `staff_reg_no`) VALUES (52, '2005-01-24', '1972-02-05', 'Mouse. \'--I proceed. \"Edwin and Morcar, the earls of Mercia and Northumbria, declared for him: and even Stigand, the patriotic archbishop of Canterbury, found it made no mark; but he could think of.', 52, '56');
INSERT INTO `staff_leave` (`leave_id`, `leave_start_date`, `leave_end_date`, `reason`, `leave_method_id`, `staff_reg_no`) VALUES (53, '1994-06-26', '1981-08-20', 'King said gravely, \'and go on till you come to the Mock Turtle drew a long breath, and said \'That\'s very important,\' the King said to herself, and fanned herself with one finger for the hedgehogs;.', 53, '57365');
INSERT INTO `staff_leave` (`leave_id`, `leave_start_date`, `leave_end_date`, `reason`, `leave_method_id`, `staff_reg_no`) VALUES (54, '1994-11-30', '1992-10-19', 'Alice. \'And where HAVE my shoulders got to? And oh, my poor little thing was to find it out, we should all have our heads cut off, you know. Please, Ma\'am, is this New Zealand or Australia?\' (and.', 54, '5961');
INSERT INTO `staff_leave` (`leave_id`, `leave_start_date`, `leave_end_date`, `reason`, `leave_method_id`, `staff_reg_no`) VALUES (55, '1971-08-17', '1973-01-19', 'White Rabbit, \'but it doesn\'t matter which way you can;--but I must have prizes.\' \'But who has won?\' This question the Dodo suddenly called out in a large plate came skimming out, straight at the.', 55, '6');
INSERT INTO `staff_leave` (`leave_id`, `leave_start_date`, `leave_end_date`, `reason`, `leave_method_id`, `staff_reg_no`) VALUES (56, '1978-01-19', '1997-05-20', 'King, who had meanwhile been examining the roses. \'Off with his tea spoon at the Lizard as she swam about, trying to touch her. \'Poor little thing!\' said Alice, rather alarmed at the March Hare..', 56, '6007');
INSERT INTO `staff_leave` (`leave_id`, `leave_start_date`, `leave_end_date`, `reason`, `leave_method_id`, `staff_reg_no`) VALUES (57, '1971-05-15', '1986-01-24', 'ME, and told me he was speaking, so that it felt quite relieved to see if she did not seem to have wondered at this, but at any rate he might answer questions.--How am I to do this, so that her.', 57, '605');
INSERT INTO `staff_leave` (`leave_id`, `leave_start_date`, `leave_end_date`, `reason`, `leave_method_id`, `staff_reg_no`) VALUES (58, '1980-10-20', '2004-12-29', 'And argued each case with MINE,\' said the Cat, and vanished again. Alice waited patiently until it chose to speak first, \'why your cat grins like that?\' \'It\'s a mineral, I THINK,\' said Alice. \'You.', 58, '6223815');
INSERT INTO `staff_leave` (`leave_id`, `leave_start_date`, `leave_end_date`, `reason`, `leave_method_id`, `staff_reg_no`) VALUES (59, '2021-12-19', '1988-12-19', 'Off--\' \'Nonsense!\' said Alice, as she swam nearer to make out that it was growing, and growing, and growing, and she put one arm out of a good many little girls in my size; and as Alice could hear.', 59, '634592');
INSERT INTO `staff_leave` (`leave_id`, `leave_start_date`, `leave_end_date`, `reason`, `leave_method_id`, `staff_reg_no`) VALUES (60, '1986-10-27', '1987-08-11', 'I\'ll be jury,\" Said cunning old Fury: \"I\'ll try the first minute or two. \'They couldn\'t have done that?\' she thought. \'I must be growing small again.\' She got up in great fear lest she should push.', 60, '64');
INSERT INTO `staff_leave` (`leave_id`, `leave_start_date`, `leave_end_date`, `reason`, `leave_method_id`, `staff_reg_no`) VALUES (61, '2003-08-12', '1974-12-14', 'Alice, and, after waiting till she shook the house, and the Queen was close behind us, and he\'s treading on my tail. See how eagerly the lobsters and the sound of a large arm-chair at one corner of.', 61, '652280');
INSERT INTO `staff_leave` (`leave_id`, `leave_start_date`, `leave_end_date`, `reason`, `leave_method_id`, `staff_reg_no`) VALUES (62, '2019-10-15', '2007-03-26', 'When the sands are all pardoned.\' \'Come, THAT\'S a good deal: this fireplace is narrow, to be patted on the shingle--will you come to the rose-tree, she went on, taking first one side and then.', 62, '6615');
INSERT INTO `staff_leave` (`leave_id`, `leave_start_date`, `leave_end_date`, `reason`, `leave_method_id`, `staff_reg_no`) VALUES (63, '1972-10-21', '2005-09-27', 'Mabel, for I know THAT well enough; and what does it to half-past one as long as you might catch a bad cold if she were looking over their slates; \'but it doesn\'t matter which way she put one arm.', 63, '672751');
INSERT INTO `staff_leave` (`leave_id`, `leave_start_date`, `leave_end_date`, `reason`, `leave_method_id`, `staff_reg_no`) VALUES (64, '1998-07-29', '1985-08-28', 'Who ever saw in my life!\' Just as she came suddenly upon an open place, with a round face, and large eyes full of tears, \'I do wish they COULD! I\'m sure I can\'t understand it myself to begin.', 64, '691');
INSERT INTO `staff_leave` (`leave_id`, `leave_start_date`, `leave_end_date`, `reason`, `leave_method_id`, `staff_reg_no`) VALUES (65, '2006-09-18', '2017-03-22', 'Gryphon. \'I\'ve forgotten the words.\' So they went on \'And how many hours a day or two: wouldn\'t it be murder to leave off being arches to do anything but sit with its legs hanging down, but.', 65, '69226');
INSERT INTO `staff_leave` (`leave_id`, `leave_start_date`, `leave_end_date`, `reason`, `leave_method_id`, `staff_reg_no`) VALUES (66, '1989-04-01', '2020-05-16', 'I\'ll tell you how the game began. Alice thought over all the other arm curled round her at the mushroom (she had kept a piece of rudeness was more than that, if you only kept on puzzling about it in.', 66, '699809464');
INSERT INTO `staff_leave` (`leave_id`, `leave_start_date`, `leave_end_date`, `reason`, `leave_method_id`, `staff_reg_no`) VALUES (67, '1989-08-14', '1988-10-16', 'Let me think: was I the same when I got up this morning, but I think you\'d better finish the story for yourself.\' \'No, please go on!\' Alice said to herself, \'because of his shrill little voice, the.', 67, '7');
INSERT INTO `staff_leave` (`leave_id`, `leave_start_date`, `leave_end_date`, `reason`, `leave_method_id`, `staff_reg_no`) VALUES (68, '1992-07-01', '2003-06-22', 'The Cat seemed to be found: all she could not join the dance? \"You can really have no idea what a long way. So they got thrown out to sea as you go to law: I will tell you his history,\' As they.', 68, '7018');
INSERT INTO `staff_leave` (`leave_id`, `leave_start_date`, `leave_end_date`, `reason`, `leave_method_id`, `staff_reg_no`) VALUES (69, '2012-06-10', '1983-01-23', 'You\'re a serpent; and there\'s no use in the direction it pointed to, without trying to fix on one, the cook was busily stirring the soup, and seemed not to make herself useful, and looking anxiously.', 69, '70825027');
INSERT INTO `staff_leave` (`leave_id`, `leave_start_date`, `leave_end_date`, `reason`, `leave_method_id`, `staff_reg_no`) VALUES (70, '2010-10-08', '1975-08-29', 'Alice had got its neck nicely straightened out, and was immediately suppressed by the way, was the Rabbit actually TOOK A WATCH OUT OF ITS WAISTCOAT-POCKET, and looked at it uneasily, shaking it.', 70, '717');
INSERT INTO `staff_leave` (`leave_id`, `leave_start_date`, `leave_end_date`, `reason`, `leave_method_id`, `staff_reg_no`) VALUES (71, '1996-10-20', '1987-10-12', 'Alice replied in an agony of terror. \'Oh, there goes his PRECIOUS nose\'; as an explanation. \'Oh, you\'re sure to happen,\' she said to the jury, in a low voice, \'Why the fact is, you ARE a simpleton.\'.', 71, '71940');
INSERT INTO `staff_leave` (`leave_id`, `leave_start_date`, `leave_end_date`, `reason`, `leave_method_id`, `staff_reg_no`) VALUES (72, '2018-02-17', '1992-09-29', 'WHAT? The other guests had taken advantage of the way--\' \'THAT generally takes some time,\' interrupted the Hatter: \'let\'s all move one place on.\' He moved on as he spoke, and the two sides of it;.', 72, '736217');
INSERT INTO `staff_leave` (`leave_id`, `leave_start_date`, `leave_end_date`, `reason`, `leave_method_id`, `staff_reg_no`) VALUES (73, '1976-05-14', '2013-01-23', 'Mock Turtle. \'Hold your tongue, Ma!\' said the King: \'however, it may kiss my hand if it had VERY long claws and a scroll of parchment in the world go round!\"\' \'Somebody said,\' Alice whispered, \'that.', 73, '7410');
INSERT INTO `staff_leave` (`leave_id`, `leave_start_date`, `leave_end_date`, `reason`, `leave_method_id`, `staff_reg_no`) VALUES (74, '1971-08-10', '1992-12-16', 'She soon got it out to sea. So they couldn\'t get them out again. That\'s all.\' \'Thank you,\' said the King very decidedly, and the procession moved on, three of the court. \'What do you want to go! Let.', 74, '75');
INSERT INTO `staff_leave` (`leave_id`, `leave_start_date`, `leave_end_date`, `reason`, `leave_method_id`, `staff_reg_no`) VALUES (75, '2013-03-04', '2014-05-12', 'Mock Turtle\'s heavy sobs. Lastly, she pictured to herself \'This is Bill,\' she gave one sharp kick, and waited to see if she were looking up into the court, by the White Rabbit as he spoke..', 75, '7783628');
INSERT INTO `staff_leave` (`leave_id`, `leave_start_date`, `leave_end_date`, `reason`, `leave_method_id`, `staff_reg_no`) VALUES (76, '1978-03-24', '1999-06-12', 'Between yourself and me.\' \'That\'s the first figure!\' said the Caterpillar. Alice folded her hands, and was just possible it had no idea how to begin.\' For, you see, Alice had not attended to this.', 76, '78');
INSERT INTO `staff_leave` (`leave_id`, `leave_start_date`, `leave_end_date`, `reason`, `leave_method_id`, `staff_reg_no`) VALUES (77, '2010-09-15', '1998-09-19', 'Hatter added as an explanation. \'Oh, you\'re sure to happen,\' she said to the jury, of course--\"I GAVE HER ONE, THEY GAVE HIM TWO--\" why, that must be Mabel after all, and I had to pinch it to speak.', 77, '79');
INSERT INTO `staff_leave` (`leave_id`, `leave_start_date`, `leave_end_date`, `reason`, `leave_method_id`, `staff_reg_no`) VALUES (78, '2008-05-09', '1992-08-07', 'Mouse. \'Of course,\' the Gryphon remarked: \'because they lessen from day to day.\' This was quite a conversation of it in asking riddles that have no answers.\' \'If you do. I\'ll set Dinah at you!\'.', 78, '8');
INSERT INTO `staff_leave` (`leave_id`, `leave_start_date`, `leave_end_date`, `reason`, `leave_method_id`, `staff_reg_no`) VALUES (79, '2004-03-02', '1997-09-29', 'So she began shrinking directly. As soon as she did not like to see you again, you dear old thing!\' said the Cat; and this he handed over to herself, as she had succeeded in getting its body tucked.', 79, '8287576');
INSERT INTO `staff_leave` (`leave_id`, `leave_start_date`, `leave_end_date`, `reason`, `leave_method_id`, `staff_reg_no`) VALUES (80, '2003-10-19', '1984-03-25', 'It sounded an excellent plan, no doubt, and very soon found out that she tipped over the wig, (look at the house, and have next to her. \'I wish you could see this, as she went on all the way I ought.', 80, '83588');
INSERT INTO `staff_leave` (`leave_id`, `leave_start_date`, `leave_end_date`, `reason`, `leave_method_id`, `staff_reg_no`) VALUES (81, '2010-05-04', '1979-02-17', 'So she sat on, with closed eyes, and half believed herself in Wonderland, though she knew that it was her dream:-- First, she dreamed of little birds and animals that had made the whole court was a.', 81, '84865159');
INSERT INTO `staff_leave` (`leave_id`, `leave_start_date`, `leave_end_date`, `reason`, `leave_method_id`, `staff_reg_no`) VALUES (82, '2022-01-14', '2012-09-03', 'Very soon the Rabbit in a sorrowful tone, \'I\'m afraid I can\'t get out at all a pity. I said \"What for?\"\' \'She boxed the Queen\'s ears--\' the Rabbit hastily interrupted. \'There\'s a great deal too far.', 82, '863');
INSERT INTO `staff_leave` (`leave_id`, `leave_start_date`, `leave_end_date`, `reason`, `leave_method_id`, `staff_reg_no`) VALUES (83, '1980-08-13', '1987-12-25', 'She felt that it would like the Mock Turtle; \'but it seems to suit them!\' \'I haven\'t the slightest idea,\' said the Caterpillar decidedly, and there was not easy to take the roof bear?--Mind that.', 83, '884');
INSERT INTO `staff_leave` (`leave_id`, `leave_start_date`, `leave_end_date`, `reason`, `leave_method_id`, `staff_reg_no`) VALUES (84, '1998-08-28', '1970-02-16', 'SOMETHING interesting is sure to do with this creature when I was a little before she came up to the Dormouse, who was peeping anxiously into her eyes--and still as she ran; but the cook till his.', 84, '89');
INSERT INTO `staff_leave` (`leave_id`, `leave_start_date`, `leave_end_date`, `reason`, `leave_method_id`, `staff_reg_no`) VALUES (85, '2005-12-29', '1980-09-13', 'Canary called out \'The race is over!\' and they can\'t prove I did: there\'s no use in the air: it puzzled her too much, so she tried the roots of trees, and I\'ve tried hedges,\' the Pigeon went on,.', 85, '8904095');
INSERT INTO `staff_leave` (`leave_id`, `leave_start_date`, `leave_end_date`, `reason`, `leave_method_id`, `staff_reg_no`) VALUES (86, '1994-09-22', '1974-08-09', 'Evidence \'Here!\' cried Alice, quite forgetting that she had found her head in the pictures of him), while the Mouse to Alice severely. \'What are you getting on now, my dear?\' it continued, turning.', 86, '89532');
INSERT INTO `staff_leave` (`leave_id`, `leave_start_date`, `leave_end_date`, `reason`, `leave_method_id`, `staff_reg_no`) VALUES (87, '1996-01-25', '1997-08-28', 'TWO little shrieks, and more faintly came, carried on the song, perhaps?\' \'I\'ve heard something splashing about in the night? Let me see: four times five is twelve, and four times five is twelve,.', 87, '90169');
INSERT INTO `staff_leave` (`leave_id`, `leave_start_date`, `leave_end_date`, `reason`, `leave_method_id`, `staff_reg_no`) VALUES (88, '1982-05-13', '1975-07-19', 'I to do that,\' said Alice. \'Why not?\' said the Caterpillar. \'Not QUITE right, I\'m afraid,\' said Alice, always ready to agree to everything that was sitting next to no toys to play croquet.\' The.', 88, '905795');
INSERT INTO `staff_leave` (`leave_id`, `leave_start_date`, `leave_end_date`, `reason`, `leave_method_id`, `staff_reg_no`) VALUES (89, '2002-07-10', '2012-02-15', 'CHORUS. \'Wow! wow! wow!\' While the Duchess was sitting between them, fast asleep, and the White Rabbit with pink eyes ran close by her. There was a little while, however, she again heard a little.', 89, '912');
INSERT INTO `staff_leave` (`leave_id`, `leave_start_date`, `leave_end_date`, `reason`, `leave_method_id`, `staff_reg_no`) VALUES (90, '2021-12-09', '1994-07-29', 'I ever heard!\' \'Yes, I think that proved it at all. However, \'jury-men\' would have called him a fish)--and rapped loudly at the time it vanished quite slowly, beginning with the dream of Wonderland.', 90, '92177472');
INSERT INTO `staff_leave` (`leave_id`, `leave_start_date`, `leave_end_date`, `reason`, `leave_method_id`, `staff_reg_no`) VALUES (91, '1979-04-16', '1973-12-04', 'Dodo had paused as if he wasn\'t one?\' Alice asked. \'We called him Tortoise because he was in the distance, and she tried to speak, but for a moment to be trampled under its feet, ran round the.', 91, '9264047');
INSERT INTO `staff_leave` (`leave_id`, `leave_start_date`, `leave_end_date`, `reason`, `leave_method_id`, `staff_reg_no`) VALUES (92, '1991-06-15', '2020-08-28', 'Alice. One of the ground, Alice soon began talking again. \'Dinah\'ll miss me very much at first, the two sides of it; and while she remembered trying to invent something!\' \'I--I\'m a little nervous.', 92, '93');
INSERT INTO `staff_leave` (`leave_id`, `leave_start_date`, `leave_end_date`, `reason`, `leave_method_id`, `staff_reg_no`) VALUES (93, '2007-12-14', '1997-05-05', 'What would become of me? They\'re dreadfully fond of beheading people here; the great puzzle!\' And she opened it, and fortunately was just possible it had some kind of sob, \'I\'ve tried the effect of.', 93, '942102');
INSERT INTO `staff_leave` (`leave_id`, `leave_start_date`, `leave_end_date`, `reason`, `leave_method_id`, `staff_reg_no`) VALUES (94, '2005-02-07', '2010-01-22', 'When the Mouse to Alice for some while in silence. At last the Mouse, who was passing at the end of his tail. \'As if I would talk on such a fall as this, I shall have some fun now!\' thought Alice..', 94, '945969003');
INSERT INTO `staff_leave` (`leave_id`, `leave_start_date`, `leave_end_date`, `reason`, `leave_method_id`, `staff_reg_no`) VALUES (95, '2011-09-18', '1992-03-22', 'She got up this morning, but I grow up, I\'ll write one--but I\'m grown up now,\' she added in an agony of terror. \'Oh, there goes his PRECIOUS nose\'; as an explanation; \'I\'ve none of my own. I\'m a.', 95, '952');
INSERT INTO `staff_leave` (`leave_id`, `leave_start_date`, `leave_end_date`, `reason`, `leave_method_id`, `staff_reg_no`) VALUES (96, '1979-12-05', '1970-10-30', 'And yesterday things went on just as she swam about, trying to box her own ears for having cheated herself in Wonderland, though she looked down at her rather inquisitively, and seemed to be patted.', 96, '9605800');
INSERT INTO `staff_leave` (`leave_id`, `leave_start_date`, `leave_end_date`, `reason`, `leave_method_id`, `staff_reg_no`) VALUES (97, '1972-07-11', '1976-01-10', 'I shall ever see you again, you dear old thing!\' said Alice, in a moment: she looked up, but it all is! I\'ll try and say \"How doth the little thing sobbed again (or grunted, it was perfectly round,.', 97, '9634807');
INSERT INTO `staff_leave` (`leave_id`, `leave_start_date`, `leave_end_date`, `reason`, `leave_method_id`, `staff_reg_no`) VALUES (98, '2005-10-20', '1993-10-19', 'Half-past one, time for dinner!\' (\'I only wish people knew that: then they both bowed low, and their curls got entangled together. Alice laughed so much about a thousand times as large as the whole.', 98, '96468');
INSERT INTO `staff_leave` (`leave_id`, `leave_start_date`, `leave_end_date`, `reason`, `leave_method_id`, `staff_reg_no`) VALUES (99, '1978-11-28', '1991-03-03', 'Queen said--\' \'Get to your tea; it\'s getting late.\' So Alice began telling them her adventures from the sky! Ugh, Serpent!\' \'But I\'m not particular as to size,\' Alice hastily replied; \'at least--at.', 99, '972');
INSERT INTO `staff_leave` (`leave_id`, `leave_start_date`, `leave_end_date`, `reason`, `leave_method_id`, `staff_reg_no`) VALUES (100, '1972-12-05', '2006-11-15', 'Cheshire Cat,\' said Alice: \'I don\'t like it, yer honour, at all, as the rest waited in silence. At last the Gryphon went on. \'Would you tell me,\' said Alice, \'but I must have been a holiday?\' \'Of.', 100, '98');







INSERT INTO `student_subject` (`student_admission_no`, `subject_code`) VALUES ('', 1);
INSERT INTO `student_subject` (`student_admission_no`, `subject_code`) VALUES ('1', 2);
INSERT INTO `student_subject` (`student_admission_no`, `subject_code`) VALUES ('1070', 3);
INSERT INTO `student_subject` (`student_admission_no`, `subject_code`) VALUES ('13485554', 4);
INSERT INTO `student_subject` (`student_admission_no`, `subject_code`) VALUES ('1375', 5);
INSERT INTO `student_subject` (`student_admission_no`, `subject_code`) VALUES ('156817', 6);
INSERT INTO `student_subject` (`student_admission_no`, `subject_code`) VALUES ('17530', 7);
INSERT INTO `student_subject` (`student_admission_no`, `subject_code`) VALUES ('18', 8);
INSERT INTO `student_subject` (`student_admission_no`, `subject_code`) VALUES ('2', 9);
INSERT INTO `student_subject` (`student_admission_no`, `subject_code`) VALUES ('20', 10);
INSERT INTO `student_subject` (`student_admission_no`, `subject_code`) VALUES ('227', 11);
INSERT INTO `student_subject` (`student_admission_no`, `subject_code`) VALUES ('23', 12);
INSERT INTO `student_subject` (`student_admission_no`, `subject_code`) VALUES ('233', 13);
INSERT INTO `student_subject` (`student_admission_no`, `subject_code`) VALUES ('2387', 14);
INSERT INTO `student_subject` (`student_admission_no`, `subject_code`) VALUES ('238716992', 15);
INSERT INTO `student_subject` (`student_admission_no`, `subject_code`) VALUES ('275435', 16);
INSERT INTO `student_subject` (`student_admission_no`, `subject_code`) VALUES ('28', 17);
INSERT INTO `student_subject` (`student_admission_no`, `subject_code`) VALUES ('28810', 18);
INSERT INTO `student_subject` (`student_admission_no`, `subject_code`) VALUES ('29833', 19);
INSERT INTO `student_subject` (`student_admission_no`, `subject_code`) VALUES ('3', 20);
INSERT INTO `student_subject` (`student_admission_no`, `subject_code`) VALUES ('30913', 21);
INSERT INTO `student_subject` (`student_admission_no`, `subject_code`) VALUES ('310', 22);
INSERT INTO `student_subject` (`student_admission_no`, `subject_code`) VALUES ('317', 23);
INSERT INTO `student_subject` (`student_admission_no`, `subject_code`) VALUES ('32613551', 24);
INSERT INTO `student_subject` (`student_admission_no`, `subject_code`) VALUES ('327560504', 25);
INSERT INTO `student_subject` (`student_admission_no`, `subject_code`) VALUES ('33678489', 26);
INSERT INTO `student_subject` (`student_admission_no`, `subject_code`) VALUES ('35', 27);
INSERT INTO `student_subject` (`student_admission_no`, `subject_code`) VALUES ('3504854', 28);
INSERT INTO `student_subject` (`student_admission_no`, `subject_code`) VALUES ('36039', 29);
INSERT INTO `student_subject` (`student_admission_no`, `subject_code`) VALUES ('3678383', 30);
INSERT INTO `student_subject` (`student_admission_no`, `subject_code`) VALUES ('37293045', 31);
INSERT INTO `student_subject` (`student_admission_no`, `subject_code`) VALUES ('383495', 32);
INSERT INTO `student_subject` (`student_admission_no`, `subject_code`) VALUES ('3966', 33);
INSERT INTO `student_subject` (`student_admission_no`, `subject_code`) VALUES ('398220444', 34);
INSERT INTO `student_subject` (`student_admission_no`, `subject_code`) VALUES ('4023025', 35);
INSERT INTO `student_subject` (`student_admission_no`, `subject_code`) VALUES ('417553652', 36);
INSERT INTO `student_subject` (`student_admission_no`, `subject_code`) VALUES ('4185673', 37);
INSERT INTO `student_subject` (`student_admission_no`, `subject_code`) VALUES ('42', 38);
INSERT INTO `student_subject` (`student_admission_no`, `subject_code`) VALUES ('43', 39);
INSERT INTO `student_subject` (`student_admission_no`, `subject_code`) VALUES ('43775698', 40);
INSERT INTO `student_subject` (`student_admission_no`, `subject_code`) VALUES ('44107', 41);
INSERT INTO `student_subject` (`student_admission_no`, `subject_code`) VALUES ('44920', 42);
INSERT INTO `student_subject` (`student_admission_no`, `subject_code`) VALUES ('476422539', 43);
INSERT INTO `student_subject` (`student_admission_no`, `subject_code`) VALUES ('486371884', 44);
INSERT INTO `student_subject` (`student_admission_no`, `subject_code`) VALUES ('48753764', 45);
INSERT INTO `student_subject` (`student_admission_no`, `subject_code`) VALUES ('49', 46);
INSERT INTO `student_subject` (`student_admission_no`, `subject_code`) VALUES ('490204', 47);
INSERT INTO `student_subject` (`student_admission_no`, `subject_code`) VALUES ('492766', 48);
INSERT INTO `student_subject` (`student_admission_no`, `subject_code`) VALUES ('49874857', 49);
INSERT INTO `student_subject` (`student_admission_no`, `subject_code`) VALUES ('5', 50);
INSERT INTO `student_subject` (`student_admission_no`, `subject_code`) VALUES ('519', 51);
INSERT INTO `student_subject` (`student_admission_no`, `subject_code`) VALUES ('53779', 52);
INSERT INTO `student_subject` (`student_admission_no`, `subject_code`) VALUES ('5396', 53);
INSERT INTO `student_subject` (`student_admission_no`, `subject_code`) VALUES ('5490041', 54);
INSERT INTO `student_subject` (`student_admission_no`, `subject_code`) VALUES ('559823223', 55);
INSERT INTO `student_subject` (`student_admission_no`, `subject_code`) VALUES ('5789076', 56);
INSERT INTO `student_subject` (`student_admission_no`, `subject_code`) VALUES ('581053', 57);
INSERT INTO `student_subject` (`student_admission_no`, `subject_code`) VALUES ('59441', 58);
INSERT INTO `student_subject` (`student_admission_no`, `subject_code`) VALUES ('6', 59);
INSERT INTO `student_subject` (`student_admission_no`, `subject_code`) VALUES ('606', 60);
INSERT INTO `student_subject` (`student_admission_no`, `subject_code`) VALUES ('609', 61);
INSERT INTO `student_subject` (`student_admission_no`, `subject_code`) VALUES ('61218479', 62);
INSERT INTO `student_subject` (`student_admission_no`, `subject_code`) VALUES ('616', 63);
INSERT INTO `student_subject` (`student_admission_no`, `subject_code`) VALUES ('6234512', 64);
INSERT INTO `student_subject` (`student_admission_no`, `subject_code`) VALUES ('64329719', 65);
INSERT INTO `student_subject` (`student_admission_no`, `subject_code`) VALUES ('66204', 66);
INSERT INTO `student_subject` (`student_admission_no`, `subject_code`) VALUES ('66404248', 67);
INSERT INTO `student_subject` (`student_admission_no`, `subject_code`) VALUES ('6724', 68);
INSERT INTO `student_subject` (`student_admission_no`, `subject_code`) VALUES ('6878701', 69);
INSERT INTO `student_subject` (`student_admission_no`, `subject_code`) VALUES ('7', 70);
INSERT INTO `student_subject` (`student_admission_no`, `subject_code`) VALUES ('7031', 71);
INSERT INTO `student_subject` (`student_admission_no`, `subject_code`) VALUES ('70729207', 72);
INSERT INTO `student_subject` (`student_admission_no`, `subject_code`) VALUES ('71574', 73);
INSERT INTO `student_subject` (`student_admission_no`, `subject_code`) VALUES ('726', 74);
INSERT INTO `student_subject` (`student_admission_no`, `subject_code`) VALUES ('7356657', 75);
INSERT INTO `student_subject` (`student_admission_no`, `subject_code`) VALUES ('73571', 76);
INSERT INTO `student_subject` (`student_admission_no`, `subject_code`) VALUES ('7572', 77);
INSERT INTO `student_subject` (`student_admission_no`, `subject_code`) VALUES ('76', 78);
INSERT INTO `student_subject` (`student_admission_no`, `subject_code`) VALUES ('7627637', 79);
INSERT INTO `student_subject` (`student_admission_no`, `subject_code`) VALUES ('7674', 80);
INSERT INTO `student_subject` (`student_admission_no`, `subject_code`) VALUES ('7710803', 81);
INSERT INTO `student_subject` (`student_admission_no`, `subject_code`) VALUES ('788203', 82);
INSERT INTO `student_subject` (`student_admission_no`, `subject_code`) VALUES ('803', 83);
INSERT INTO `student_subject` (`student_admission_no`, `subject_code`) VALUES ('85', 84);
INSERT INTO `student_subject` (`student_admission_no`, `subject_code`) VALUES ('857', 85);
INSERT INTO `student_subject` (`student_admission_no`, `subject_code`) VALUES ('85812122', 86);
INSERT INTO `student_subject` (`student_admission_no`, `subject_code`) VALUES ('8845', 87);
INSERT INTO `student_subject` (`student_admission_no`, `subject_code`) VALUES ('9', 88);
INSERT INTO `student_subject` (`student_admission_no`, `subject_code`) VALUES ('912849169', 89);
INSERT INTO `student_subject` (`student_admission_no`, `subject_code`) VALUES ('91356050', 90);
INSERT INTO `student_subject` (`student_admission_no`, `subject_code`) VALUES ('914', 91);
INSERT INTO `student_subject` (`student_admission_no`, `subject_code`) VALUES ('92120', 92);
INSERT INTO `student_subject` (`student_admission_no`, `subject_code`) VALUES ('92553333', 93);
INSERT INTO `student_subject` (`student_admission_no`, `subject_code`) VALUES ('927', 94);
INSERT INTO `student_subject` (`student_admission_no`, `subject_code`) VALUES ('942501372', 95);
INSERT INTO `student_subject` (`student_admission_no`, `subject_code`) VALUES ('94877', 96);
INSERT INTO `student_subject` (`student_admission_no`, `subject_code`) VALUES ('9525', 97);
INSERT INTO `student_subject` (`student_admission_no`, `subject_code`) VALUES ('99013559', 98);
INSERT INTO `student_subject` (`student_admission_no`, `subject_code`) VALUES ('9922', 99);
INSERT INTO `student_subject` (`student_admission_no`, `subject_code`) VALUES ('9998851', 100);








INSERT INTO `system_user` (`user_id`, `aprove_status`, `reason_to_join`, `staff_reg_no`) VALUES (1, 0, 'Assumenda aliquam ut optio adipisci. Et aperiam qui tenetur et doloribus distinctio. Dolor consequuntur ea fugit vel et nihil. Possimus maxime mollitia est aut.', '');
INSERT INTO `system_user` (`user_id`, `aprove_status`, `reason_to_join`, `staff_reg_no`) VALUES (2, 0, 'Dolorem consequatur mollitia hic eveniet quidem reiciendis. A eligendi iusto distinctio iure quidem. Iste vel corrupti labore fuga perferendis.', '1');
INSERT INTO `system_user` (`user_id`, `aprove_status`, `reason_to_join`, `staff_reg_no`) VALUES (3, 0, 'Neque hic quos totam eos. Illum provident delectus ipsa sed corporis. Distinctio quidem cupiditate asperiores fugit quia.', '103');
INSERT INTO `system_user` (`user_id`, `aprove_status`, `reason_to_join`, `staff_reg_no`) VALUES (4, 0, 'Recusandae quibusdam quis hic labore minus. Et ullam facere omnis est magnam recusandae.', '1170');
INSERT INTO `system_user` (`user_id`, `aprove_status`, `reason_to_join`, `staff_reg_no`) VALUES (5, 0, 'Reprehenderit cum perspiciatis hic quaerat quam nobis. Et et et eum sint consequatur. Distinctio ut culpa rerum quasi aperiam. Voluptatem nobis suscipit unde excepturi libero velit eum.', '1595685');
INSERT INTO `system_user` (`user_id`, `aprove_status`, `reason_to_join`, `staff_reg_no`) VALUES (6, 0, 'Quos minus dolore voluptatem fuga dolore. Consequatur nemo culpa nesciunt. Aliquam minus totam voluptatibus.', '161626');
INSERT INTO `system_user` (`user_id`, `aprove_status`, `reason_to_join`, `staff_reg_no`) VALUES (7, 0, 'Numquam hic ea incidunt sunt in fuga delectus. Eius facere quis praesentium voluptatem expedita. Ullam a accusantium nihil perspiciatis inventore in quaerat.', '16994965');
INSERT INTO `system_user` (`user_id`, `aprove_status`, `reason_to_join`, `staff_reg_no`) VALUES (8, 0, 'Dolor cum illo cupiditate consectetur architecto voluptatem. Aut rem illum placeat veniam quos eveniet atque. Quia sit earum repellendus odio quidem autem. Aspernatur fuga officia consectetur et.', '171');
INSERT INTO `system_user` (`user_id`, `aprove_status`, `reason_to_join`, `staff_reg_no`) VALUES (9, 0, 'Voluptatibus et suscipit quia voluptatum. Molestiae assumenda fugit sed veritatis. Veritatis aut error minus laboriosam. Quidem sunt omnis ipsam vel quaerat ullam vel.', '177152');
INSERT INTO `system_user` (`user_id`, `aprove_status`, `reason_to_join`, `staff_reg_no`) VALUES (10, 0, 'Et laudantium est a consectetur. Est voluptates quia consequatur cum deserunt ad. Sint minus exercitationem non voluptas quia quo beatae. Facere tenetur ad fuga vitae libero voluptatem voluptatibus et.', '1781');
INSERT INTO `system_user` (`user_id`, `aprove_status`, `reason_to_join`, `staff_reg_no`) VALUES (11, 0, 'Nisi aut rem ipsa nemo. Eos qui aspernatur nemo harum modi. Temporibus expedita enim quos odio minima. Minus autem modi quos illum sint voluptatem nihil. Porro alias autem cum.', '18807');
INSERT INTO `system_user` (`user_id`, `aprove_status`, `reason_to_join`, `staff_reg_no`) VALUES (12, 0, 'Dolorem dolor reiciendis quod vero molestiae. Repudiandae soluta qui quo asperiores qui asperiores. Ab ad rerum repellat.', '19507');
INSERT INTO `system_user` (`user_id`, `aprove_status`, `reason_to_join`, `staff_reg_no`) VALUES (13, 0, 'Sit ut quaerat provident sed id. Tempore itaque totam sequi fugiat quo dolor. Hic facilis sequi aut ut nam.', '196912');
INSERT INTO `system_user` (`user_id`, `aprove_status`, `reason_to_join`, `staff_reg_no`) VALUES (14, 0, 'Et est explicabo hic quis rem ut et sequi. Voluptates et quo cumque ullam aliquid dolores. Sequi quia quo deleniti ad eum animi. Porro eos impedit optio et.', '2');
INSERT INTO `system_user` (`user_id`, `aprove_status`, `reason_to_join`, `staff_reg_no`) VALUES (15, 0, 'Ut repellat modi nulla sit. Accusantium aliquid aut minima totam fuga neque.', '210');
INSERT INTO `system_user` (`user_id`, `aprove_status`, `reason_to_join`, `staff_reg_no`) VALUES (16, 0, 'Est et exercitationem qui sint. Sed qui quidem aut et. Fuga minus maxime repudiandae sit.', '218973868');
INSERT INTO `system_user` (`user_id`, `aprove_status`, `reason_to_join`, `staff_reg_no`) VALUES (17, 0, 'Ullam ut reiciendis eos harum dignissimos rerum. Nemo voluptatum harum aliquid quod ipsa repudiandae repudiandae. Iusto accusamus asperiores voluptas cum.', '227239949');
INSERT INTO `system_user` (`user_id`, `aprove_status`, `reason_to_join`, `staff_reg_no`) VALUES (18, 0, 'Reiciendis enim voluptas aut quidem id. Et id optio dolorem architecto dolorem. Qui explicabo distinctio rerum officia et impedit voluptas. Sint distinctio harum et magni laudantium inventore ut. Voluptas distinctio ut voluptas molestias exercitationem et', '251');
INSERT INTO `system_user` (`user_id`, `aprove_status`, `reason_to_join`, `staff_reg_no`) VALUES (19, 0, 'Accusamus voluptatem inventore debitis deserunt nulla ducimus et. Pariatur sunt molestias impedit similique debitis ut. Laborum est consequatur sunt omnis sed expedita est.', '267458638');
INSERT INTO `system_user` (`user_id`, `aprove_status`, `reason_to_join`, `staff_reg_no`) VALUES (20, 0, 'Laboriosam atque aut expedita consequatur. Vel molestiae accusantium qui doloremque minima. Totam atque facilis delectus totam dolore reiciendis id.', '2687');
INSERT INTO `system_user` (`user_id`, `aprove_status`, `reason_to_join`, `staff_reg_no`) VALUES (21, 0, 'Et voluptates accusantium consequuntur animi nobis quo inventore qui. Ut et ullam dolore eos perspiciatis et rerum voluptates. Ab sunt quis aliquam aliquid voluptate expedita corrupti.', '2796');
INSERT INTO `system_user` (`user_id`, `aprove_status`, `reason_to_join`, `staff_reg_no`) VALUES (22, 0, 'Perspiciatis ab impedit asperiores iure modi error. Et et eum fugiat voluptatum dolores id. Sit soluta aut eos et.', '2842');
INSERT INTO `system_user` (`user_id`, `aprove_status`, `reason_to_join`, `staff_reg_no`) VALUES (23, 0, 'Deserunt asperiores adipisci ratione. Magnam voluptatem nulla consequuntur vero est excepturi. Dolorem autem ea esse culpa consectetur nesciunt nobis est. Nisi et iusto voluptas et.', '29577');
INSERT INTO `system_user` (`user_id`, `aprove_status`, `reason_to_join`, `staff_reg_no`) VALUES (24, 0, 'Dicta officia eum sint omnis eum reiciendis exercitationem. Quis cum voluptatem eaque laborum. Eum non nemo blanditiis nulla vero sint assumenda. Hic aut quia et.', '3');
INSERT INTO `system_user` (`user_id`, `aprove_status`, `reason_to_join`, `staff_reg_no`) VALUES (25, 0, 'Aut impedit voluptatem tempora. Qui vitae eligendi similique alias quia. Officiis est velit fuga. Est occaecati accusantium quisquam dolor blanditiis. Odit atque ipsam optio vitae provident velit libero.', '3091756');
INSERT INTO `system_user` (`user_id`, `aprove_status`, `reason_to_join`, `staff_reg_no`) VALUES (26, 0, 'Molestiae maxime dolor repellat debitis hic. Architecto quis unde voluptatem voluptas. Cum quas qui dicta voluptas eos.', '31490');
INSERT INTO `system_user` (`user_id`, `aprove_status`, `reason_to_join`, `staff_reg_no`) VALUES (27, 0, 'Ut iure officiis nesciunt suscipit optio. Voluptas velit ad quam soluta in doloribus et. Delectus omnis modi magni doloribus repudiandae qui.', '316742');
INSERT INTO `system_user` (`user_id`, `aprove_status`, `reason_to_join`, `staff_reg_no`) VALUES (28, 0, 'Dolorem provident est fuga ut sint fugiat et. Quis consequuntur hic officiis quidem suscipit. Similique velit voluptatem sunt ipsam consequuntur. Vel et ut vitae omnis doloribus. Atque soluta aut facilis ea ipsa sunt.', '32793');
INSERT INTO `system_user` (`user_id`, `aprove_status`, `reason_to_join`, `staff_reg_no`) VALUES (29, 0, 'Illo ea voluptates commodi labore occaecati dolorem voluptas. Dignissimos fugit unde perferendis quo. Nam architecto mollitia dolores maxime dolores. Sit atque tempora totam rem.', '33834903');
INSERT INTO `system_user` (`user_id`, `aprove_status`, `reason_to_join`, `staff_reg_no`) VALUES (30, 0, 'Non laborum pariatur ipsum illum sequi. Ut repellendus vel porro. Id numquam rerum veritatis qui rerum dolor.', '34064');
INSERT INTO `system_user` (`user_id`, `aprove_status`, `reason_to_join`, `staff_reg_no`) VALUES (31, 0, 'Qui repellat dolore accusantium dolores. Saepe modi in autem nihil saepe aliquid magnam. Commodi eum soluta nihil similique reiciendis. Omnis nisi atque rerum eum sint nobis.', '3433');
INSERT INTO `system_user` (`user_id`, `aprove_status`, `reason_to_join`, `staff_reg_no`) VALUES (32, 0, 'A nisi eos blanditiis recusandae ullam sit tenetur amet. Quia rerum rerum similique odio cupiditate aut cupiditate suscipit. Hic nobis corporis quam occaecati maiores tempore dolor.', '34417368');
INSERT INTO `system_user` (`user_id`, `aprove_status`, `reason_to_join`, `staff_reg_no`) VALUES (33, 0, 'Nam aspernatur saepe a nihil unde. Sequi non ea consequatur tempora harum repudiandae eligendi omnis.', '347153731');
INSERT INTO `system_user` (`user_id`, `aprove_status`, `reason_to_join`, `staff_reg_no`) VALUES (34, 0, 'Voluptatum natus sapiente ducimus perspiciatis. Sint quos quo dicta ea. Inventore et minima tenetur commodi sed. Id sequi vitae amet consequuntur velit.', '3475');
INSERT INTO `system_user` (`user_id`, `aprove_status`, `reason_to_join`, `staff_reg_no`) VALUES (35, 0, 'Dicta magnam sed et rerum omnis qui. Praesentium eius ab dicta dolor voluptas sunt ut. Id voluptas voluptates velit placeat qui asperiores itaque.', '3613172');
INSERT INTO `system_user` (`user_id`, `aprove_status`, `reason_to_join`, `staff_reg_no`) VALUES (36, 0, 'Ratione ut consectetur enim qui. Repellat odit nisi sint at aut minima. Voluptas eum vel quia.', '377713642');
INSERT INTO `system_user` (`user_id`, `aprove_status`, `reason_to_join`, `staff_reg_no`) VALUES (37, 0, 'Exercitationem temporibus deleniti deserunt omnis. Est nostrum tempora omnis repudiandae vel. Occaecati ullam doloribus culpa magnam.', '390344');
INSERT INTO `system_user` (`user_id`, `aprove_status`, `reason_to_join`, `staff_reg_no`) VALUES (38, 0, 'Quaerat ut voluptatibus in consequatur occaecati. Veritatis explicabo atque nostrum hic et. Optio perspiciatis ratione molestias blanditiis doloremque illo eius molestiae. Incidunt iusto fugit deserunt libero magni itaque.', '4');
INSERT INTO `system_user` (`user_id`, `aprove_status`, `reason_to_join`, `staff_reg_no`) VALUES (39, 0, 'Dolorem aut blanditiis a non ipsam non. Officia ab at omnis tenetur porro dolorem. Rerum omnis aperiam et vitae labore.', '408');
INSERT INTO `system_user` (`user_id`, `aprove_status`, `reason_to_join`, `staff_reg_no`) VALUES (40, 0, 'Dolorem quibusdam consectetur ut suscipit recusandae ut voluptatem. Vero sunt quo sint vel et. Id est accusantium quibusdam cupiditate aut vel tempora. Dolorem cum alias rerum fuga repellendus quos repellat facere.', '44029');
INSERT INTO `system_user` (`user_id`, `aprove_status`, `reason_to_join`, `staff_reg_no`) VALUES (41, 0, 'Doloribus non quidem porro possimus tempora quas expedita. Incidunt quae molestiae optio placeat molestias. Fugiat velit quae quis eveniet error quod atque. Aspernatur odit aut tempora sit.', '44043433');
INSERT INTO `system_user` (`user_id`, `aprove_status`, `reason_to_join`, `staff_reg_no`) VALUES (42, 0, 'Quia labore dolor commodi non quia. Qui dolor magnam labore officia. Blanditiis sit molestiae laboriosam hic incidunt quia. Autem quibusdam nostrum earum similique omnis incidunt dolorem.', '4467');
INSERT INTO `system_user` (`user_id`, `aprove_status`, `reason_to_join`, `staff_reg_no`) VALUES (43, 0, 'Ullam ipsam dicta aspernatur perspiciatis. Omnis velit ut quis quis consequatur. Odit mollitia quisquam quibusdam dolorem ut.', '4718565');
INSERT INTO `system_user` (`user_id`, `aprove_status`, `reason_to_join`, `staff_reg_no`) VALUES (44, 0, 'Et sed praesentium deserunt velit. Reiciendis suscipit non enim id sit ipsum mollitia.', '48128');
INSERT INTO `system_user` (`user_id`, `aprove_status`, `reason_to_join`, `staff_reg_no`) VALUES (45, 0, 'Quisquam corporis eligendi delectus. Voluptas laudantium atque non iusto dolorem. Vitae et et asperiores soluta. Consequuntur sit aut non adipisci consectetur.', '485');
INSERT INTO `system_user` (`user_id`, `aprove_status`, `reason_to_join`, `staff_reg_no`) VALUES (46, 0, 'Et et vel consequatur eum voluptatem. Dolorem vel iste quo minima id. Voluptatem accusantium blanditiis a fugiat cum rerum voluptas aut. Sunt temporibus assumenda earum illum doloribus est. Eveniet aut temporibus dicta qui doloremque perferendis.', '490660577');
INSERT INTO `system_user` (`user_id`, `aprove_status`, `reason_to_join`, `staff_reg_no`) VALUES (47, 0, 'Distinctio sint officiis id aliquam eos fugiat. Debitis ex magni et iusto sit explicabo. Aut laborum nihil minima incidunt unde et recusandae.', '5');
INSERT INTO `system_user` (`user_id`, `aprove_status`, `reason_to_join`, `staff_reg_no`) VALUES (48, 0, 'Iusto sed dolor voluptatem iste et. Qui id ipsum pariatur et. Ut ut aspernatur asperiores error sit voluptatibus voluptatem. Veritatis vitae facere et harum aperiam minima aut.', '50487');
INSERT INTO `system_user` (`user_id`, `aprove_status`, `reason_to_join`, `staff_reg_no`) VALUES (49, 0, 'Eum excepturi blanditiis doloribus sunt. Est et odio totam officia architecto. Velit harum qui tempora a eligendi quibusdam. Nihil dolor et fugit veritatis. Dolorem sit maiores veritatis dolores numquam.', '5212944');
INSERT INTO `system_user` (`user_id`, `aprove_status`, `reason_to_join`, `staff_reg_no`) VALUES (50, 0, 'Odit magnam et fugiat et magni et. Odit quo culpa voluptatem ullam in. Et in et quibusdam voluptatem. Quam et et officia qui voluptatum quis blanditiis.', '53416');
INSERT INTO `system_user` (`user_id`, `aprove_status`, `reason_to_join`, `staff_reg_no`) VALUES (51, 0, 'Cupiditate temporibus est magni vel et. Et vitae voluptatem nisi occaecati atque dicta molestiae. Ut voluptas porro in sint.', '54');
INSERT INTO `system_user` (`user_id`, `aprove_status`, `reason_to_join`, `staff_reg_no`) VALUES (52, 0, 'Molestiae quibusdam id dolores nisi voluptatem dolore eveniet rerum. Suscipit aut omnis cumque iure nostrum exercitationem. Qui et earum illum enim. Sequi iusto est sed nostrum debitis accusantium libero.', '56');
INSERT INTO `system_user` (`user_id`, `aprove_status`, `reason_to_join`, `staff_reg_no`) VALUES (53, 0, 'Eum dolor itaque voluptatem eum fugit qui corporis corrupti. Ex hic eveniet voluptatem et. Sunt soluta facilis vel.', '57365');
INSERT INTO `system_user` (`user_id`, `aprove_status`, `reason_to_join`, `staff_reg_no`) VALUES (54, 0, 'Quas sapiente quia molestias veniam. Est eveniet quaerat minus explicabo ratione. Nobis sed debitis quas.', '5961');
INSERT INTO `system_user` (`user_id`, `aprove_status`, `reason_to_join`, `staff_reg_no`) VALUES (55, 0, 'Blanditiis nihil odio qui doloribus non. Consectetur a molestiae in magni. Aut dolorum quia et qui at consectetur.', '6');
INSERT INTO `system_user` (`user_id`, `aprove_status`, `reason_to_join`, `staff_reg_no`) VALUES (56, 0, 'Rerum quia non earum voluptatem provident. Nesciunt omnis ut debitis sed. Esse cum quia sunt autem tempore in.', '6007');
INSERT INTO `system_user` (`user_id`, `aprove_status`, `reason_to_join`, `staff_reg_no`) VALUES (57, 0, 'Quam amet autem quia odio delectus laborum impedit. Dolorem explicabo veniam in ipsa a qui. Dolores reiciendis officiis consectetur officiis inventore dignissimos dignissimos ducimus. Architecto dolorem sed et quia assumenda.', '605');
INSERT INTO `system_user` (`user_id`, `aprove_status`, `reason_to_join`, `staff_reg_no`) VALUES (58, 0, 'Ipsum numquam et corporis labore. Architecto qui mollitia quos et ea autem non. Dolores similique vero nihil aut.', '6223815');
INSERT INTO `system_user` (`user_id`, `aprove_status`, `reason_to_join`, `staff_reg_no`) VALUES (59, 0, 'Sequi omnis ut nemo expedita quos iste veritatis sint. Quasi est quia dolorem debitis.', '634592');
INSERT INTO `system_user` (`user_id`, `aprove_status`, `reason_to_join`, `staff_reg_no`) VALUES (60, 0, 'Atque quo iusto numquam a. Blanditiis aliquam magni asperiores sunt quod est. Vel incidunt ratione culpa aliquid non. Illo necessitatibus deserunt non illum.', '64');
INSERT INTO `system_user` (`user_id`, `aprove_status`, `reason_to_join`, `staff_reg_no`) VALUES (61, 0, 'Iure labore non iusto aut et qui est. Reiciendis quisquam et facere vel. Consequatur eveniet autem cumque est repudiandae tempora provident.', '652280');
INSERT INTO `system_user` (`user_id`, `aprove_status`, `reason_to_join`, `staff_reg_no`) VALUES (62, 0, 'Est sint facilis vero aut. Ut repudiandae sapiente suscipit aliquid et eos est placeat. Ducimus repellat facere est sunt alias molestiae.', '6615');
INSERT INTO `system_user` (`user_id`, `aprove_status`, `reason_to_join`, `staff_reg_no`) VALUES (63, 0, 'Expedita nam voluptas facere dignissimos sapiente doloribus. Est ratione ab voluptates minus quam qui quia. Eos modi suscipit quod aspernatur. Voluptatem et saepe illum quidem voluptatem quis nostrum.', '672751');
INSERT INTO `system_user` (`user_id`, `aprove_status`, `reason_to_join`, `staff_reg_no`) VALUES (64, 0, 'Quia quia assumenda adipisci distinctio et rerum atque. Aut quos est et quia. Accusantium placeat incidunt asperiores qui. Odio deserunt aut dolor delectus.', '691');
INSERT INTO `system_user` (`user_id`, `aprove_status`, `reason_to_join`, `staff_reg_no`) VALUES (65, 0, 'Perspiciatis similique veniam quas error. Molestiae autem maxime aspernatur illo. Dolor ipsum cupiditate facilis officiis et. Illo dolor corrupti deleniti laudantium corrupti.', '69226');
INSERT INTO `system_user` (`user_id`, `aprove_status`, `reason_to_join`, `staff_reg_no`) VALUES (66, 0, 'Voluptate vero voluptatibus magni velit. Id iste nesciunt ipsum officiis veniam aut. Excepturi eos aut corrupti iure fugit minus. Odio et non vero quis quidem aut quidem consequatur. Ut omnis omnis est quae aut nemo unde.', '699809464');
INSERT INTO `system_user` (`user_id`, `aprove_status`, `reason_to_join`, `staff_reg_no`) VALUES (67, 0, 'Voluptatem aut itaque quam aut molestiae sunt non. At autem libero dolorum repellendus maxime. Itaque commodi consectetur dolore nihil quaerat sed nulla. Qui adipisci perferendis aliquid quidem.', '7');
INSERT INTO `system_user` (`user_id`, `aprove_status`, `reason_to_join`, `staff_reg_no`) VALUES (68, 0, 'Expedita ratione quod vitae nihil in. Saepe ipsum eum beatae et laborum libero. Ut qui illo architecto asperiores quia officia. Velit eum suscipit suscipit pariatur.', '7018');
INSERT INTO `system_user` (`user_id`, `aprove_status`, `reason_to_join`, `staff_reg_no`) VALUES (69, 0, 'Quam sit debitis corporis quod. Neque porro rerum est quaerat.', '70825027');
INSERT INTO `system_user` (`user_id`, `aprove_status`, `reason_to_join`, `staff_reg_no`) VALUES (70, 0, 'Tempora voluptatem et minus perferendis dolores. Et non occaecati ducimus. Rerum est ipsum aut illum. Voluptas voluptatem aut officiis omnis repellat quisquam nemo sint.', '717');
INSERT INTO `system_user` (`user_id`, `aprove_status`, `reason_to_join`, `staff_reg_no`) VALUES (71, 0, 'Eligendi sequi omnis nesciunt nesciunt ipsa. Et sit et rerum facere ea veritatis blanditiis. Id amet omnis et unde.', '71940');
INSERT INTO `system_user` (`user_id`, `aprove_status`, `reason_to_join`, `staff_reg_no`) VALUES (72, 0, 'Ad ex quia consequatur. Dicta aut et qui non soluta. Numquam eos exercitationem quae dignissimos ut. Minus aut quia quaerat suscipit iste tempore sed placeat.', '736217');
INSERT INTO `system_user` (`user_id`, `aprove_status`, `reason_to_join`, `staff_reg_no`) VALUES (73, 0, 'Quia et distinctio repellat provident quasi in. Tenetur itaque nemo minima.', '7410');
INSERT INTO `system_user` (`user_id`, `aprove_status`, `reason_to_join`, `staff_reg_no`) VALUES (74, 0, 'Ipsum laboriosam ab libero assumenda ratione. Modi a voluptas tenetur laudantium qui. Et amet iusto qui sunt quos.', '75');
INSERT INTO `system_user` (`user_id`, `aprove_status`, `reason_to_join`, `staff_reg_no`) VALUES (75, 0, 'Earum laborum quo aliquam sint numquam iure. Eius aut ullam est. Qui nostrum placeat ullam. Possimus ad commodi laboriosam veniam quia voluptate.', '7783628');
INSERT INTO `system_user` (`user_id`, `aprove_status`, `reason_to_join`, `staff_reg_no`) VALUES (76, 0, 'Ea voluptatum eos dolore. Animi aliquid labore qui consequatur rerum neque. Aut ut occaecati deleniti sunt voluptatem ipsa.', '78');
INSERT INTO `system_user` (`user_id`, `aprove_status`, `reason_to_join`, `staff_reg_no`) VALUES (77, 0, 'Autem aut neque dolorum necessitatibus sed aut ut. Ipsum molestiae at hic est qui. Voluptatum in dolorem nobis et voluptas earum. Excepturi sed quia ipsam incidunt.', '79');
INSERT INTO `system_user` (`user_id`, `aprove_status`, `reason_to_join`, `staff_reg_no`) VALUES (78, 0, 'Aut nam vero aut nisi repellendus molestias aliquid. Consectetur quos officia quia qui eveniet. Tempora voluptates cumque ut hic cumque animi est. Odio ipsa explicabo quia et nisi qui.', '8');
INSERT INTO `system_user` (`user_id`, `aprove_status`, `reason_to_join`, `staff_reg_no`) VALUES (79, 0, 'Et et quas aut quam perferendis perferendis tempore voluptas. Molestias voluptate eos expedita rerum enim rem. Sint veritatis blanditiis vel dolore. Odit vero deleniti enim soluta. Et minus magni neque sed.', '8287576');
INSERT INTO `system_user` (`user_id`, `aprove_status`, `reason_to_join`, `staff_reg_no`) VALUES (80, 0, 'Minima hic alias eveniet voluptatibus cum. Provident voluptatem id ut vel inventore. Autem qui dolorem quia vel rerum nobis distinctio.', '83588');
INSERT INTO `system_user` (`user_id`, `aprove_status`, `reason_to_join`, `staff_reg_no`) VALUES (81, 0, 'Voluptate fugit recusandae qui fuga eius aut. Amet optio temporibus assumenda non ut eos. At autem quas rem voluptatem. Qui voluptatem quidem modi.', '84865159');
INSERT INTO `system_user` (`user_id`, `aprove_status`, `reason_to_join`, `staff_reg_no`) VALUES (82, 0, 'Sit quia cupiditate nostrum sint qui culpa neque. Et ex autem blanditiis velit vitae cupiditate aut. Dolor qui in modi.', '863');
INSERT INTO `system_user` (`user_id`, `aprove_status`, `reason_to_join`, `staff_reg_no`) VALUES (83, 0, 'Est nam qui ut doloremque sapiente aut quas ut. Modi laborum ut perferendis sit suscipit officiis. Occaecati dolorum libero ea qui saepe. Rerum tenetur temporibus odit aut. Quidem ex voluptatibus et tempore cumque ut vel repellendus.', '884');
INSERT INTO `system_user` (`user_id`, `aprove_status`, `reason_to_join`, `staff_reg_no`) VALUES (84, 0, 'Error magnam porro fuga similique accusantium incidunt at. Impedit dolore aut vel qui illo quia quas. Inventore assumenda aut omnis nihil incidunt. Qui omnis in ea excepturi.', '89');
INSERT INTO `system_user` (`user_id`, `aprove_status`, `reason_to_join`, `staff_reg_no`) VALUES (85, 0, 'Cumque qui dolores quae voluptatibus explicabo et voluptas illum. Totam expedita fuga esse et quos impedit dolores. Eum ex ut qui ut laboriosam.', '8904095');
INSERT INTO `system_user` (`user_id`, `aprove_status`, `reason_to_join`, `staff_reg_no`) VALUES (86, 0, 'Inventore corrupti et reprehenderit architecto impedit. Perspiciatis reprehenderit dolore dolorem. Cum dignissimos et totam et. Rerum voluptatem necessitatibus adipisci cumque. Quidem et fugit ab quasi et qui.', '89532');
INSERT INTO `system_user` (`user_id`, `aprove_status`, `reason_to_join`, `staff_reg_no`) VALUES (87, 0, 'Nihil qui inventore ducimus cum doloremque vel. Occaecati perspiciatis ratione a delectus ut. Quasi reiciendis exercitationem dolorem molestias id quisquam. Voluptatem delectus sapiente et. Dolorum nulla aperiam alias repudiandae quia eos nostrum.', '90169');
INSERT INTO `system_user` (`user_id`, `aprove_status`, `reason_to_join`, `staff_reg_no`) VALUES (88, 0, 'Porro temporibus et deserunt qui est dolores. Quis consequatur nisi molestiae. Iste ut et veritatis delectus distinctio quia enim. Velit nihil pariatur voluptas.', '905795');
INSERT INTO `system_user` (`user_id`, `aprove_status`, `reason_to_join`, `staff_reg_no`) VALUES (89, 0, 'Accusamus tempora omnis inventore autem voluptas. Id assumenda iure ut perferendis facilis et. Quos quos unde dolor sit. Animi sed accusantium placeat accusantium est atque.', '912');
INSERT INTO `system_user` (`user_id`, `aprove_status`, `reason_to_join`, `staff_reg_no`) VALUES (90, 0, 'In sequi laudantium laborum et non. Deleniti et consectetur hic consequatur tenetur. Vitae quam perspiciatis id omnis.', '92177472');
INSERT INTO `system_user` (`user_id`, `aprove_status`, `reason_to_join`, `staff_reg_no`) VALUES (91, 0, 'Officiis et cupiditate temporibus et sint. Rerum repellendus quae quam. A laudantium totam tenetur. Est vel consectetur omnis enim earum nesciunt.', '9264047');
INSERT INTO `system_user` (`user_id`, `aprove_status`, `reason_to_join`, `staff_reg_no`) VALUES (92, 0, 'Reprehenderit quasi et consequatur. Omnis dolores aperiam sequi temporibus ullam magni facilis. Architecto inventore accusantium aut voluptatem et. Vel omnis explicabo ipsa adipisci inventore similique.', '93');
INSERT INTO `system_user` (`user_id`, `aprove_status`, `reason_to_join`, `staff_reg_no`) VALUES (93, 0, 'Et quas voluptate quos. Repellendus sit est provident ipsum. Et nihil ut et voluptas quibusdam.', '942102');
INSERT INTO `system_user` (`user_id`, `aprove_status`, `reason_to_join`, `staff_reg_no`) VALUES (94, 0, 'Ut omnis cupiditate est qui harum. Minima laudantium quia et consequuntur doloribus. Doloribus dolor ut maxime. Dolores expedita excepturi corporis quas modi nemo harum est.', '945969003');
INSERT INTO `system_user` (`user_id`, `aprove_status`, `reason_to_join`, `staff_reg_no`) VALUES (95, 0, 'Et quibusdam maiores rem. Quidem sint incidunt dolor dolores. Ea culpa dolorem quidem repudiandae ut consequuntur cumque.', '952');
INSERT INTO `system_user` (`user_id`, `aprove_status`, `reason_to_join`, `staff_reg_no`) VALUES (96, 0, 'Rerum sequi id corrupti necessitatibus dicta iusto quo. Quisquam eaque libero ipsum sint qui totam recusandae molestias. Id aut quisquam autem quia nihil dolorem. Sed hic at omnis odit cum nostrum iste.', '9605800');
INSERT INTO `system_user` (`user_id`, `aprove_status`, `reason_to_join`, `staff_reg_no`) VALUES (97, 0, 'Et et ut et aut enim. Deleniti hic sint veritatis consequuntur iste voluptas et. Ipsa perspiciatis corporis cupiditate neque non corrupti.', '9634807');
INSERT INTO `system_user` (`user_id`, `aprove_status`, `reason_to_join`, `staff_reg_no`) VALUES (98, 0, 'Expedita et qui aliquid unde nisi laudantium sunt et. Non consectetur ut fugit autem. Fuga cum vel enim maiores et dolore. Voluptate laudantium unde explicabo nisi eum et. Pariatur id quidem rerum magni officia repellat eveniet exercitationem.', '96468');
INSERT INTO `system_user` (`user_id`, `aprove_status`, `reason_to_join`, `staff_reg_no`) VALUES (99, 0, 'Dignissimos sit qui ullam perferendis beatae quae consequatur. Aperiam quam sed sit ex alias suscipit. Totam quae quas necessitatibus qui ut rem.', '972');
INSERT INTO `system_user` (`user_id`, `aprove_status`, `reason_to_join`, `staff_reg_no`) VALUES (100, 0, 'Voluptatem consectetur dignissimos voluptas. Qui quaerat praesentium sed illum in rerum. Quia eveniet et temporibus et.', '98');



INSERT INTO `teacher` (`teacher_reg_no`, `staff_staff_reg_no`) VALUES ('114708', '');
INSERT INTO `teacher` (`teacher_reg_no`, `staff_staff_reg_no`) VALUES ('83544769', '1');
INSERT INTO `teacher` (`teacher_reg_no`, `staff_staff_reg_no`) VALUES ('480750367', '103');
INSERT INTO `teacher` (`teacher_reg_no`, `staff_staff_reg_no`) VALUES ('3197', '1170');
INSERT INTO `teacher` (`teacher_reg_no`, `staff_staff_reg_no`) VALUES ('88', '1595685');
INSERT INTO `teacher` (`teacher_reg_no`, `staff_staff_reg_no`) VALUES ('', '161626');
INSERT INTO `teacher` (`teacher_reg_no`, `staff_staff_reg_no`) VALUES ('7', '16994965');
INSERT INTO `teacher` (`teacher_reg_no`, `staff_staff_reg_no`) VALUES ('44', '171');
INSERT INTO `teacher` (`teacher_reg_no`, `staff_staff_reg_no`) VALUES ('24403024', '177152');
INSERT INTO `teacher` (`teacher_reg_no`, `staff_staff_reg_no`) VALUES ('839217', '1781');
INSERT INTO `teacher` (`teacher_reg_no`, `staff_staff_reg_no`) VALUES ('374', '18807');
INSERT INTO `teacher` (`teacher_reg_no`, `staff_staff_reg_no`) VALUES ('73258', '19507');
INSERT INTO `teacher` (`teacher_reg_no`, `staff_staff_reg_no`) VALUES ('70343', '196912');
INSERT INTO `teacher` (`teacher_reg_no`, `staff_staff_reg_no`) VALUES ('1030', '2');
INSERT INTO `teacher` (`teacher_reg_no`, `staff_staff_reg_no`) VALUES ('45539', '210');
INSERT INTO `teacher` (`teacher_reg_no`, `staff_staff_reg_no`) VALUES ('53', '218973868');
INSERT INTO `teacher` (`teacher_reg_no`, `staff_staff_reg_no`) VALUES ('47229', '227239949');
INSERT INTO `teacher` (`teacher_reg_no`, `staff_staff_reg_no`) VALUES ('5', '251');
INSERT INTO `teacher` (`teacher_reg_no`, `staff_staff_reg_no`) VALUES ('75857748', '267458638');
INSERT INTO `teacher` (`teacher_reg_no`, `staff_staff_reg_no`) VALUES ('404708', '2687');
INSERT INTO `teacher` (`teacher_reg_no`, `staff_staff_reg_no`) VALUES ('309', '2796');
INSERT INTO `teacher` (`teacher_reg_no`, `staff_staff_reg_no`) VALUES ('180441', '2842');
INSERT INTO `teacher` (`teacher_reg_no`, `staff_staff_reg_no`) VALUES ('4351552', '29577');
INSERT INTO `teacher` (`teacher_reg_no`, `staff_staff_reg_no`) VALUES ('2778351', '3');
INSERT INTO `teacher` (`teacher_reg_no`, `staff_staff_reg_no`) VALUES ('53999235', '3091756');
INSERT INTO `teacher` (`teacher_reg_no`, `staff_staff_reg_no`) VALUES ('60060', '31490');
INSERT INTO `teacher` (`teacher_reg_no`, `staff_staff_reg_no`) VALUES ('626', '316742');
INSERT INTO `teacher` (`teacher_reg_no`, `staff_staff_reg_no`) VALUES ('669851', '32793');
INSERT INTO `teacher` (`teacher_reg_no`, `staff_staff_reg_no`) VALUES ('27831612', '33834903');
INSERT INTO `teacher` (`teacher_reg_no`, `staff_staff_reg_no`) VALUES ('28', '34064');
INSERT INTO `teacher` (`teacher_reg_no`, `staff_staff_reg_no`) VALUES ('18', '3433');
INSERT INTO `teacher` (`teacher_reg_no`, `staff_staff_reg_no`) VALUES ('341866', '34417368');
INSERT INTO `teacher` (`teacher_reg_no`, `staff_staff_reg_no`) VALUES ('99457', '347153731');
INSERT INTO `teacher` (`teacher_reg_no`, `staff_staff_reg_no`) VALUES ('901509020', '3475');
INSERT INTO `teacher` (`teacher_reg_no`, `staff_staff_reg_no`) VALUES ('7174990', '3613172');
INSERT INTO `teacher` (`teacher_reg_no`, `staff_staff_reg_no`) VALUES ('51673', '377713642');
INSERT INTO `teacher` (`teacher_reg_no`, `staff_staff_reg_no`) VALUES ('5672', '390344');
INSERT INTO `teacher` (`teacher_reg_no`, `staff_staff_reg_no`) VALUES ('12', '4');
INSERT INTO `teacher` (`teacher_reg_no`, `staff_staff_reg_no`) VALUES ('85638592', '408');
INSERT INTO `teacher` (`teacher_reg_no`, `staff_staff_reg_no`) VALUES ('79', '44029');
INSERT INTO `teacher` (`teacher_reg_no`, `staff_staff_reg_no`) VALUES ('98173373', '44043433');
INSERT INTO `teacher` (`teacher_reg_no`, `staff_staff_reg_no`) VALUES ('93434', '4467');
INSERT INTO `teacher` (`teacher_reg_no`, `staff_staff_reg_no`) VALUES ('259681', '4718565');
INSERT INTO `teacher` (`teacher_reg_no`, `staff_staff_reg_no`) VALUES ('41425444', '48128');
INSERT INTO `teacher` (`teacher_reg_no`, `staff_staff_reg_no`) VALUES ('50500', '485');
INSERT INTO `teacher` (`teacher_reg_no`, `staff_staff_reg_no`) VALUES ('93170', '490660577');
INSERT INTO `teacher` (`teacher_reg_no`, `staff_staff_reg_no`) VALUES ('53985636', '5');
INSERT INTO `teacher` (`teacher_reg_no`, `staff_staff_reg_no`) VALUES ('1028514', '50487');
INSERT INTO `teacher` (`teacher_reg_no`, `staff_staff_reg_no`) VALUES ('800957587', '5212944');
INSERT INTO `teacher` (`teacher_reg_no`, `staff_staff_reg_no`) VALUES ('1', '53416');
INSERT INTO `teacher` (`teacher_reg_no`, `staff_staff_reg_no`) VALUES ('744280', '54');
INSERT INTO `teacher` (`teacher_reg_no`, `staff_staff_reg_no`) VALUES ('548246528', '56');
INSERT INTO `teacher` (`teacher_reg_no`, `staff_staff_reg_no`) VALUES ('19312453', '57365');
INSERT INTO `teacher` (`teacher_reg_no`, `staff_staff_reg_no`) VALUES ('253072', '5961');
INSERT INTO `teacher` (`teacher_reg_no`, `staff_staff_reg_no`) VALUES ('9', '6');
INSERT INTO `teacher` (`teacher_reg_no`, `staff_staff_reg_no`) VALUES ('460962', '6007');
INSERT INTO `teacher` (`teacher_reg_no`, `staff_staff_reg_no`) VALUES ('7416352', '605');
INSERT INTO `teacher` (`teacher_reg_no`, `staff_staff_reg_no`) VALUES ('724163', '6223815');
INSERT INTO `teacher` (`teacher_reg_no`, `staff_staff_reg_no`) VALUES ('471', '634592');
INSERT INTO `teacher` (`teacher_reg_no`, `staff_staff_reg_no`) VALUES ('41894', '64');
INSERT INTO `teacher` (`teacher_reg_no`, `staff_staff_reg_no`) VALUES ('734', '652280');
INSERT INTO `teacher` (`teacher_reg_no`, `staff_staff_reg_no`) VALUES ('8', '6615');
INSERT INTO `teacher` (`teacher_reg_no`, `staff_staff_reg_no`) VALUES ('4487', '672751');
INSERT INTO `teacher` (`teacher_reg_no`, `staff_staff_reg_no`) VALUES ('6021518', '691');
INSERT INTO `teacher` (`teacher_reg_no`, `staff_staff_reg_no`) VALUES ('442608', '69226');
INSERT INTO `teacher` (`teacher_reg_no`, `staff_staff_reg_no`) VALUES ('8876', '699809464');
INSERT INTO `teacher` (`teacher_reg_no`, `staff_staff_reg_no`) VALUES ('38', '7');
INSERT INTO `teacher` (`teacher_reg_no`, `staff_staff_reg_no`) VALUES ('57594', '7018');
INSERT INTO `teacher` (`teacher_reg_no`, `staff_staff_reg_no`) VALUES ('83081', '70825027');
INSERT INTO `teacher` (`teacher_reg_no`, `staff_staff_reg_no`) VALUES ('2687963', '717');
INSERT INTO `teacher` (`teacher_reg_no`, `staff_staff_reg_no`) VALUES ('758', '71940');
INSERT INTO `teacher` (`teacher_reg_no`, `staff_staff_reg_no`) VALUES ('4865912', '736217');
INSERT INTO `teacher` (`teacher_reg_no`, `staff_staff_reg_no`) VALUES ('8186', '7410');
INSERT INTO `teacher` (`teacher_reg_no`, `staff_staff_reg_no`) VALUES ('4653517', '75');
INSERT INTO `teacher` (`teacher_reg_no`, `staff_staff_reg_no`) VALUES ('8814', '7783628');
INSERT INTO `teacher` (`teacher_reg_no`, `staff_staff_reg_no`) VALUES ('647', '78');
INSERT INTO `teacher` (`teacher_reg_no`, `staff_staff_reg_no`) VALUES ('2618', '79');
INSERT INTO `teacher` (`teacher_reg_no`, `staff_staff_reg_no`) VALUES ('67', '8');
INSERT INTO `teacher` (`teacher_reg_no`, `staff_staff_reg_no`) VALUES ('589', '8287576');
INSERT INTO `teacher` (`teacher_reg_no`, `staff_staff_reg_no`) VALUES ('8948', '83588');
INSERT INTO `teacher` (`teacher_reg_no`, `staff_staff_reg_no`) VALUES ('768921', '84865159');
INSERT INTO `teacher` (`teacher_reg_no`, `staff_staff_reg_no`) VALUES ('10731', '863');
INSERT INTO `teacher` (`teacher_reg_no`, `staff_staff_reg_no`) VALUES ('28022', '884');
INSERT INTO `teacher` (`teacher_reg_no`, `staff_staff_reg_no`) VALUES ('56996408', '89');
INSERT INTO `teacher` (`teacher_reg_no`, `staff_staff_reg_no`) VALUES ('60', '8904095');
INSERT INTO `teacher` (`teacher_reg_no`, `staff_staff_reg_no`) VALUES ('6309', '89532');
INSERT INTO `teacher` (`teacher_reg_no`, `staff_staff_reg_no`) VALUES ('4115', '90169');
INSERT INTO `teacher` (`teacher_reg_no`, `staff_staff_reg_no`) VALUES ('672113081', '905795');
INSERT INTO `teacher` (`teacher_reg_no`, `staff_staff_reg_no`) VALUES ('267', '912');
INSERT INTO `teacher` (`teacher_reg_no`, `staff_staff_reg_no`) VALUES ('9123072', '92177472');
INSERT INTO `teacher` (`teacher_reg_no`, `staff_staff_reg_no`) VALUES ('804671290', '9264047');
INSERT INTO `teacher` (`teacher_reg_no`, `staff_staff_reg_no`) VALUES ('56772', '93');
INSERT INTO `teacher` (`teacher_reg_no`, `staff_staff_reg_no`) VALUES ('29507', '942102');
INSERT INTO `teacher` (`teacher_reg_no`, `staff_staff_reg_no`) VALUES ('15', '945969003');
INSERT INTO `teacher` (`teacher_reg_no`, `staff_staff_reg_no`) VALUES ('959173', '952');
INSERT INTO `teacher` (`teacher_reg_no`, `staff_staff_reg_no`) VALUES ('62293188', '9605800');
INSERT INTO `teacher` (`teacher_reg_no`, `staff_staff_reg_no`) VALUES ('3816', '9634807');
INSERT INTO `teacher` (`teacher_reg_no`, `staff_staff_reg_no`) VALUES ('48442928', '96468');
INSERT INTO `teacher` (`teacher_reg_no`, `staff_staff_reg_no`) VALUES ('57', '972');
INSERT INTO `teacher` (`teacher_reg_no`, `staff_staff_reg_no`) VALUES ('256095', '98');



INSERT INTO `teacher_subject` (`id`, `subject_code`, `teacher_reg_no`) VALUES (1, 1, '');
INSERT INTO `teacher_subject` (`id`, `subject_code`, `teacher_reg_no`) VALUES (2, 2, '1');
INSERT INTO `teacher_subject` (`id`, `subject_code`, `teacher_reg_no`) VALUES (3, 3, '1028514');
INSERT INTO `teacher_subject` (`id`, `subject_code`, `teacher_reg_no`) VALUES (4, 4, '1030');
INSERT INTO `teacher_subject` (`id`, `subject_code`, `teacher_reg_no`) VALUES (5, 5, '10731');
INSERT INTO `teacher_subject` (`id`, `subject_code`, `teacher_reg_no`) VALUES (6, 6, '114708');
INSERT INTO `teacher_subject` (`id`, `subject_code`, `teacher_reg_no`) VALUES (7, 7, '12');
INSERT INTO `teacher_subject` (`id`, `subject_code`, `teacher_reg_no`) VALUES (8, 8, '15');
INSERT INTO `teacher_subject` (`id`, `subject_code`, `teacher_reg_no`) VALUES (9, 9, '18');
INSERT INTO `teacher_subject` (`id`, `subject_code`, `teacher_reg_no`) VALUES (10, 10, '180441');
INSERT INTO `teacher_subject` (`id`, `subject_code`, `teacher_reg_no`) VALUES (11, 11, '19312453');
INSERT INTO `teacher_subject` (`id`, `subject_code`, `teacher_reg_no`) VALUES (12, 12, '24403024');
INSERT INTO `teacher_subject` (`id`, `subject_code`, `teacher_reg_no`) VALUES (13, 13, '253072');
INSERT INTO `teacher_subject` (`id`, `subject_code`, `teacher_reg_no`) VALUES (14, 14, '256095');
INSERT INTO `teacher_subject` (`id`, `subject_code`, `teacher_reg_no`) VALUES (15, 15, '259681');
INSERT INTO `teacher_subject` (`id`, `subject_code`, `teacher_reg_no`) VALUES (16, 16, '2618');
INSERT INTO `teacher_subject` (`id`, `subject_code`, `teacher_reg_no`) VALUES (17, 17, '267');
INSERT INTO `teacher_subject` (`id`, `subject_code`, `teacher_reg_no`) VALUES (18, 18, '2687963');
INSERT INTO `teacher_subject` (`id`, `subject_code`, `teacher_reg_no`) VALUES (19, 19, '2778351');
INSERT INTO `teacher_subject` (`id`, `subject_code`, `teacher_reg_no`) VALUES (20, 20, '27831612');
INSERT INTO `teacher_subject` (`id`, `subject_code`, `teacher_reg_no`) VALUES (21, 21, '28');
INSERT INTO `teacher_subject` (`id`, `subject_code`, `teacher_reg_no`) VALUES (22, 22, '28022');
INSERT INTO `teacher_subject` (`id`, `subject_code`, `teacher_reg_no`) VALUES (23, 23, '29507');
INSERT INTO `teacher_subject` (`id`, `subject_code`, `teacher_reg_no`) VALUES (24, 24, '309');
INSERT INTO `teacher_subject` (`id`, `subject_code`, `teacher_reg_no`) VALUES (25, 25, '3197');
INSERT INTO `teacher_subject` (`id`, `subject_code`, `teacher_reg_no`) VALUES (26, 26, '341866');
INSERT INTO `teacher_subject` (`id`, `subject_code`, `teacher_reg_no`) VALUES (27, 27, '374');
INSERT INTO `teacher_subject` (`id`, `subject_code`, `teacher_reg_no`) VALUES (28, 28, '38');
INSERT INTO `teacher_subject` (`id`, `subject_code`, `teacher_reg_no`) VALUES (29, 29, '3816');
INSERT INTO `teacher_subject` (`id`, `subject_code`, `teacher_reg_no`) VALUES (30, 30, '404708');
INSERT INTO `teacher_subject` (`id`, `subject_code`, `teacher_reg_no`) VALUES (31, 31, '4115');
INSERT INTO `teacher_subject` (`id`, `subject_code`, `teacher_reg_no`) VALUES (32, 32, '41425444');
INSERT INTO `teacher_subject` (`id`, `subject_code`, `teacher_reg_no`) VALUES (33, 33, '41894');
INSERT INTO `teacher_subject` (`id`, `subject_code`, `teacher_reg_no`) VALUES (34, 34, '4351552');
INSERT INTO `teacher_subject` (`id`, `subject_code`, `teacher_reg_no`) VALUES (35, 35, '44');
INSERT INTO `teacher_subject` (`id`, `subject_code`, `teacher_reg_no`) VALUES (36, 36, '442608');
INSERT INTO `teacher_subject` (`id`, `subject_code`, `teacher_reg_no`) VALUES (37, 37, '4487');
INSERT INTO `teacher_subject` (`id`, `subject_code`, `teacher_reg_no`) VALUES (38, 38, '45539');
INSERT INTO `teacher_subject` (`id`, `subject_code`, `teacher_reg_no`) VALUES (39, 39, '460962');
INSERT INTO `teacher_subject` (`id`, `subject_code`, `teacher_reg_no`) VALUES (40, 40, '4653517');
INSERT INTO `teacher_subject` (`id`, `subject_code`, `teacher_reg_no`) VALUES (41, 41, '471');
INSERT INTO `teacher_subject` (`id`, `subject_code`, `teacher_reg_no`) VALUES (42, 42, '47229');
INSERT INTO `teacher_subject` (`id`, `subject_code`, `teacher_reg_no`) VALUES (43, 43, '480750367');
INSERT INTO `teacher_subject` (`id`, `subject_code`, `teacher_reg_no`) VALUES (44, 44, '48442928');
INSERT INTO `teacher_subject` (`id`, `subject_code`, `teacher_reg_no`) VALUES (45, 45, '4865912');
INSERT INTO `teacher_subject` (`id`, `subject_code`, `teacher_reg_no`) VALUES (46, 46, '5');
INSERT INTO `teacher_subject` (`id`, `subject_code`, `teacher_reg_no`) VALUES (47, 47, '50500');
INSERT INTO `teacher_subject` (`id`, `subject_code`, `teacher_reg_no`) VALUES (48, 48, '51673');
INSERT INTO `teacher_subject` (`id`, `subject_code`, `teacher_reg_no`) VALUES (49, 49, '53');
INSERT INTO `teacher_subject` (`id`, `subject_code`, `teacher_reg_no`) VALUES (50, 50, '53985636');
INSERT INTO `teacher_subject` (`id`, `subject_code`, `teacher_reg_no`) VALUES (51, 51, '53999235');
INSERT INTO `teacher_subject` (`id`, `subject_code`, `teacher_reg_no`) VALUES (52, 52, '548246528');
INSERT INTO `teacher_subject` (`id`, `subject_code`, `teacher_reg_no`) VALUES (53, 53, '5672');
INSERT INTO `teacher_subject` (`id`, `subject_code`, `teacher_reg_no`) VALUES (54, 54, '56772');
INSERT INTO `teacher_subject` (`id`, `subject_code`, `teacher_reg_no`) VALUES (55, 55, '56996408');
INSERT INTO `teacher_subject` (`id`, `subject_code`, `teacher_reg_no`) VALUES (56, 56, '57');
INSERT INTO `teacher_subject` (`id`, `subject_code`, `teacher_reg_no`) VALUES (57, 57, '57594');
INSERT INTO `teacher_subject` (`id`, `subject_code`, `teacher_reg_no`) VALUES (58, 58, '589');
INSERT INTO `teacher_subject` (`id`, `subject_code`, `teacher_reg_no`) VALUES (59, 59, '60');
INSERT INTO `teacher_subject` (`id`, `subject_code`, `teacher_reg_no`) VALUES (60, 60, '60060');
INSERT INTO `teacher_subject` (`id`, `subject_code`, `teacher_reg_no`) VALUES (61, 61, '6021518');
INSERT INTO `teacher_subject` (`id`, `subject_code`, `teacher_reg_no`) VALUES (62, 62, '62293188');
INSERT INTO `teacher_subject` (`id`, `subject_code`, `teacher_reg_no`) VALUES (63, 63, '626');
INSERT INTO `teacher_subject` (`id`, `subject_code`, `teacher_reg_no`) VALUES (64, 64, '6309');
INSERT INTO `teacher_subject` (`id`, `subject_code`, `teacher_reg_no`) VALUES (65, 65, '647');
INSERT INTO `teacher_subject` (`id`, `subject_code`, `teacher_reg_no`) VALUES (66, 66, '669851');
INSERT INTO `teacher_subject` (`id`, `subject_code`, `teacher_reg_no`) VALUES (67, 67, '67');
INSERT INTO `teacher_subject` (`id`, `subject_code`, `teacher_reg_no`) VALUES (68, 68, '672113081');
INSERT INTO `teacher_subject` (`id`, `subject_code`, `teacher_reg_no`) VALUES (69, 69, '7');
INSERT INTO `teacher_subject` (`id`, `subject_code`, `teacher_reg_no`) VALUES (70, 70, '70343');
INSERT INTO `teacher_subject` (`id`, `subject_code`, `teacher_reg_no`) VALUES (71, 71, '7174990');
INSERT INTO `teacher_subject` (`id`, `subject_code`, `teacher_reg_no`) VALUES (72, 72, '724163');
INSERT INTO `teacher_subject` (`id`, `subject_code`, `teacher_reg_no`) VALUES (73, 73, '73258');
INSERT INTO `teacher_subject` (`id`, `subject_code`, `teacher_reg_no`) VALUES (74, 74, '734');
INSERT INTO `teacher_subject` (`id`, `subject_code`, `teacher_reg_no`) VALUES (75, 75, '7416352');
INSERT INTO `teacher_subject` (`id`, `subject_code`, `teacher_reg_no`) VALUES (76, 76, '744280');
INSERT INTO `teacher_subject` (`id`, `subject_code`, `teacher_reg_no`) VALUES (77, 77, '758');
INSERT INTO `teacher_subject` (`id`, `subject_code`, `teacher_reg_no`) VALUES (78, 78, '75857748');
INSERT INTO `teacher_subject` (`id`, `subject_code`, `teacher_reg_no`) VALUES (79, 79, '768921');
INSERT INTO `teacher_subject` (`id`, `subject_code`, `teacher_reg_no`) VALUES (80, 80, '79');
INSERT INTO `teacher_subject` (`id`, `subject_code`, `teacher_reg_no`) VALUES (81, 81, '8');
INSERT INTO `teacher_subject` (`id`, `subject_code`, `teacher_reg_no`) VALUES (82, 82, '800957587');
INSERT INTO `teacher_subject` (`id`, `subject_code`, `teacher_reg_no`) VALUES (83, 83, '804671290');
INSERT INTO `teacher_subject` (`id`, `subject_code`, `teacher_reg_no`) VALUES (84, 84, '8186');
INSERT INTO `teacher_subject` (`id`, `subject_code`, `teacher_reg_no`) VALUES (85, 85, '83081');
INSERT INTO `teacher_subject` (`id`, `subject_code`, `teacher_reg_no`) VALUES (86, 86, '83544769');
INSERT INTO `teacher_subject` (`id`, `subject_code`, `teacher_reg_no`) VALUES (87, 87, '839217');
INSERT INTO `teacher_subject` (`id`, `subject_code`, `teacher_reg_no`) VALUES (88, 88, '85638592');
INSERT INTO `teacher_subject` (`id`, `subject_code`, `teacher_reg_no`) VALUES (89, 89, '88');
INSERT INTO `teacher_subject` (`id`, `subject_code`, `teacher_reg_no`) VALUES (90, 90, '8814');
INSERT INTO `teacher_subject` (`id`, `subject_code`, `teacher_reg_no`) VALUES (91, 91, '8876');
INSERT INTO `teacher_subject` (`id`, `subject_code`, `teacher_reg_no`) VALUES (92, 92, '8948');
INSERT INTO `teacher_subject` (`id`, `subject_code`, `teacher_reg_no`) VALUES (93, 93, '9');
INSERT INTO `teacher_subject` (`id`, `subject_code`, `teacher_reg_no`) VALUES (94, 94, '901509020');
INSERT INTO `teacher_subject` (`id`, `subject_code`, `teacher_reg_no`) VALUES (95, 95, '9123072');
INSERT INTO `teacher_subject` (`id`, `subject_code`, `teacher_reg_no`) VALUES (96, 96, '93170');
INSERT INTO `teacher_subject` (`id`, `subject_code`, `teacher_reg_no`) VALUES (97, 97, '93434');
INSERT INTO `teacher_subject` (`id`, `subject_code`, `teacher_reg_no`) VALUES (98, 98, '959173');
INSERT INTO `teacher_subject` (`id`, `subject_code`, `teacher_reg_no`) VALUES (99, 99, '98173373');
INSERT INTO `teacher_subject` (`id`, `subject_code`, `teacher_reg_no`) VALUES (100, 100, '99457');








INSERT INTO `unacademic_staff` (`unacademic_staff_reg_no`, `staff_staff_reg_no`, `position_id`) VALUES ('', '1', 2);
INSERT INTO `unacademic_staff` (`unacademic_staff_reg_no`, `staff_staff_reg_no`, `position_id`) VALUES ('1', '6007', 6);
INSERT INTO `unacademic_staff` (`unacademic_staff_reg_no`, `staff_staff_reg_no`, `position_id`) VALUES ('104367', '', 1);
INSERT INTO `unacademic_staff` (`unacademic_staff_reg_no`, `staff_staff_reg_no`, `position_id`) VALUES ('12294', '267458638', 9);
INSERT INTO `unacademic_staff` (`unacademic_staff_reg_no`, `staff_staff_reg_no`, `position_id`) VALUES ('128588', '3433', 1);
INSERT INTO `unacademic_staff` (`unacademic_staff_reg_no`, `staff_staff_reg_no`, `position_id`) VALUES ('13', '377713642', 6);
INSERT INTO `unacademic_staff` (`unacademic_staff_reg_no`, `staff_staff_reg_no`, `position_id`) VALUES ('131900', '171', 8);
INSERT INTO `unacademic_staff` (`unacademic_staff_reg_no`, `staff_staff_reg_no`, `position_id`) VALUES ('13558116', '7410', 3);
INSERT INTO `unacademic_staff` (`unacademic_staff_reg_no`, `staff_staff_reg_no`, `position_id`) VALUES ('137082', '2796', 1);
INSERT INTO `unacademic_staff` (`unacademic_staff_reg_no`, `staff_staff_reg_no`, `position_id`) VALUES ('1474700', '4467', 2);
INSERT INTO `unacademic_staff` (`unacademic_staff_reg_no`, `staff_staff_reg_no`, `position_id`) VALUES ('14888', '652280', 1);
INSERT INTO `unacademic_staff` (`unacademic_staff_reg_no`, `staff_staff_reg_no`, `position_id`) VALUES ('166623427', '196912', 3);
INSERT INTO `unacademic_staff` (`unacademic_staff_reg_no`, `staff_staff_reg_no`, `position_id`) VALUES ('1758307', '103', 3);
INSERT INTO `unacademic_staff` (`unacademic_staff_reg_no`, `staff_staff_reg_no`, `position_id`) VALUES ('1813806', '952', 5);
INSERT INTO `unacademic_staff` (`unacademic_staff_reg_no`, `staff_staff_reg_no`, `position_id`) VALUES ('194', '699809464', 6);
INSERT INTO `unacademic_staff` (`unacademic_staff_reg_no`, `staff_staff_reg_no`, `position_id`) VALUES ('2', '884', 3);
INSERT INTO `unacademic_staff` (`unacademic_staff_reg_no`, `staff_staff_reg_no`, `position_id`) VALUES ('2071', '161626', 6);
INSERT INTO `unacademic_staff` (`unacademic_staff_reg_no`, `staff_staff_reg_no`, `position_id`) VALUES ('213281', '8', 8);
INSERT INTO `unacademic_staff` (`unacademic_staff_reg_no`, `staff_staff_reg_no`, `position_id`) VALUES ('214', '972', 9);
INSERT INTO `unacademic_staff` (`unacademic_staff_reg_no`, `staff_staff_reg_no`, `position_id`) VALUES ('2152334', '863', 2);
INSERT INTO `unacademic_staff` (`unacademic_staff_reg_no`, `staff_staff_reg_no`, `position_id`) VALUES ('22', '218973868', 6);
INSERT INTO `unacademic_staff` (`unacademic_staff_reg_no`, `staff_staff_reg_no`, `position_id`) VALUES ('220', '9605800', 6);
INSERT INTO `unacademic_staff` (`unacademic_staff_reg_no`, `staff_staff_reg_no`, `position_id`) VALUES ('221', '5212944', 9);
INSERT INTO `unacademic_staff` (`unacademic_staff_reg_no`, `staff_staff_reg_no`, `position_id`) VALUES ('223723', '50487', 8);
INSERT INTO `unacademic_staff` (`unacademic_staff_reg_no`, `staff_staff_reg_no`, `position_id`) VALUES ('227', '634592', 9);
INSERT INTO `unacademic_staff` (`unacademic_staff_reg_no`, `staff_staff_reg_no`, `position_id`) VALUES ('24', '9634807', 7);
INSERT INTO `unacademic_staff` (`unacademic_staff_reg_no`, `staff_staff_reg_no`, `position_id`) VALUES ('2400', '34417368', 2);
INSERT INTO `unacademic_staff` (`unacademic_staff_reg_no`, `staff_staff_reg_no`, `position_id`) VALUES ('25', '71940', 1);
INSERT INTO `unacademic_staff` (`unacademic_staff_reg_no`, `staff_staff_reg_no`, `position_id`) VALUES ('255597054', '6', 5);
INSERT INTO `unacademic_staff` (`unacademic_staff_reg_no`, `staff_staff_reg_no`, `position_id`) VALUES ('2575', '7', 7);
INSERT INTO `unacademic_staff` (`unacademic_staff_reg_no`, `staff_staff_reg_no`, `position_id`) VALUES ('266', '34064', 10);
INSERT INTO `unacademic_staff` (`unacademic_staff_reg_no`, `staff_staff_reg_no`, `position_id`) VALUES ('268643', '177152', 9);
INSERT INTO `unacademic_staff` (`unacademic_staff_reg_no`, `staff_staff_reg_no`, `position_id`) VALUES ('2700', '490660577', 6);
INSERT INTO `unacademic_staff` (`unacademic_staff_reg_no`, `staff_staff_reg_no`, `position_id`) VALUES ('286210297', '390344', 7);
INSERT INTO `unacademic_staff` (`unacademic_staff_reg_no`, `staff_staff_reg_no`, `position_id`) VALUES ('31371', '83588', 10);
INSERT INTO `unacademic_staff` (`unacademic_staff_reg_no`, `staff_staff_reg_no`, `position_id`) VALUES ('318499', '56', 2);
INSERT INTO `unacademic_staff` (`unacademic_staff_reg_no`, `staff_staff_reg_no`, `position_id`) VALUES ('346399', '69226', 5);
INSERT INTO `unacademic_staff` (`unacademic_staff_reg_no`, `staff_staff_reg_no`, `position_id`) VALUES ('347', '7018', 8);
INSERT INTO `unacademic_staff` (`unacademic_staff_reg_no`, `staff_staff_reg_no`, `position_id`) VALUES ('349906439', '210', 5);
INSERT INTO `unacademic_staff` (`unacademic_staff_reg_no`, `staff_staff_reg_no`, `position_id`) VALUES ('3507', '691', 4);
INSERT INTO `unacademic_staff` (`unacademic_staff_reg_no`, `staff_staff_reg_no`, `position_id`) VALUES ('375946276', '53416', 10);
INSERT INTO `unacademic_staff` (`unacademic_staff_reg_no`, `staff_staff_reg_no`, `position_id`) VALUES ('377889409', '5961', 4);
INSERT INTO `unacademic_staff` (`unacademic_staff_reg_no`, `staff_staff_reg_no`, `position_id`) VALUES ('380839', '605', 7);
INSERT INTO `unacademic_staff` (`unacademic_staff_reg_no`, `staff_staff_reg_no`, `position_id`) VALUES ('39', '54', 1);
INSERT INTO `unacademic_staff` (`unacademic_staff_reg_no`, `staff_staff_reg_no`, `position_id`) VALUES ('392', '44029', 10);
INSERT INTO `unacademic_staff` (`unacademic_staff_reg_no`, `staff_staff_reg_no`, `position_id`) VALUES ('395', '8904095', 5);
INSERT INTO `unacademic_staff` (`unacademic_staff_reg_no`, `staff_staff_reg_no`, `position_id`) VALUES ('395706845', '408', 9);
INSERT INTO `unacademic_staff` (`unacademic_staff_reg_no`, `staff_staff_reg_no`, `position_id`) VALUES ('41', '57365', 3);
INSERT INTO `unacademic_staff` (`unacademic_staff_reg_no`, `staff_staff_reg_no`, `position_id`) VALUES ('411118', '98', 10);
INSERT INTO `unacademic_staff` (`unacademic_staff_reg_no`, `staff_staff_reg_no`, `position_id`) VALUES ('4121992', '1170', 4);
INSERT INTO `unacademic_staff` (`unacademic_staff_reg_no`, `staff_staff_reg_no`, `position_id`) VALUES ('4263310', '251', 8);
INSERT INTO `unacademic_staff` (`unacademic_staff_reg_no`, `staff_staff_reg_no`, `position_id`) VALUES ('435', '2', 4);
INSERT INTO `unacademic_staff` (`unacademic_staff_reg_no`, `staff_staff_reg_no`, `position_id`) VALUES ('4755', '3', 4);
INSERT INTO `unacademic_staff` (`unacademic_staff_reg_no`, `staff_staff_reg_no`, `position_id`) VALUES ('476', '5', 7);
INSERT INTO `unacademic_staff` (`unacademic_staff_reg_no`, `staff_staff_reg_no`, `position_id`) VALUES ('48126', '79', 7);
INSERT INTO `unacademic_staff` (`unacademic_staff_reg_no`, `staff_staff_reg_no`, `position_id`) VALUES ('49111', '32793', 8);
INSERT INTO `unacademic_staff` (`unacademic_staff_reg_no`, `staff_staff_reg_no`, `position_id`) VALUES ('495315651', '3613172', 5);
INSERT INTO `unacademic_staff` (`unacademic_staff_reg_no`, `staff_staff_reg_no`, `position_id`) VALUES ('50173', '31490', 6);
INSERT INTO `unacademic_staff` (`unacademic_staff_reg_no`, `staff_staff_reg_no`, `position_id`) VALUES ('52187729', '485', 5);
INSERT INTO `unacademic_staff` (`unacademic_staff_reg_no`, `staff_staff_reg_no`, `position_id`) VALUES ('576', '316742', 7);
INSERT INTO `unacademic_staff` (`unacademic_staff_reg_no`, `staff_staff_reg_no`, `position_id`) VALUES ('5969', '1781', 10);
INSERT INTO `unacademic_staff` (`unacademic_staff_reg_no`, `staff_staff_reg_no`, `position_id`) VALUES ('60', '4718565', 3);
INSERT INTO `unacademic_staff` (`unacademic_staff_reg_no`, `staff_staff_reg_no`, `position_id`) VALUES ('616186283', '70825027', 9);
INSERT INTO `unacademic_staff` (`unacademic_staff_reg_no`, `staff_staff_reg_no`, `position_id`) VALUES ('61984012', '64', 10);
INSERT INTO `unacademic_staff` (`unacademic_staff_reg_no`, `staff_staff_reg_no`, `position_id`) VALUES ('62822', '92177472', 10);
INSERT INTO `unacademic_staff` (`unacademic_staff_reg_no`, `staff_staff_reg_no`, `position_id`) VALUES ('65', '3475', 4);
INSERT INTO `unacademic_staff` (`unacademic_staff_reg_no`, `staff_staff_reg_no`, `position_id`) VALUES ('6526', '8287576', 9);
INSERT INTO `unacademic_staff` (`unacademic_staff_reg_no`, `staff_staff_reg_no`, `position_id`) VALUES ('6699', '6615', 2);
INSERT INTO `unacademic_staff` (`unacademic_staff_reg_no`, `staff_staff_reg_no`, `position_id`) VALUES ('6703472', '7783628', 5);
INSERT INTO `unacademic_staff` (`unacademic_staff_reg_no`, `staff_staff_reg_no`, `position_id`) VALUES ('675', '945969003', 4);
INSERT INTO `unacademic_staff` (`unacademic_staff_reg_no`, `staff_staff_reg_no`, `position_id`) VALUES ('676832', '93', 2);
INSERT INTO `unacademic_staff` (`unacademic_staff_reg_no`, `staff_staff_reg_no`, `position_id`) VALUES ('6779153', '44043433', 1);
INSERT INTO `unacademic_staff` (`unacademic_staff_reg_no`, `staff_staff_reg_no`, `position_id`) VALUES ('68605', '1595685', 5);
INSERT INTO `unacademic_staff` (`unacademic_staff_reg_no`, `staff_staff_reg_no`, `position_id`) VALUES ('697735', '78', 6);
INSERT INTO `unacademic_staff` (`unacademic_staff_reg_no`, `staff_staff_reg_no`, `position_id`) VALUES ('7', '19507', 2);
INSERT INTO `unacademic_staff` (`unacademic_staff_reg_no`, `staff_staff_reg_no`, `position_id`) VALUES ('7107', '33834903', 9);
INSERT INTO `unacademic_staff` (`unacademic_staff_reg_no`, `staff_staff_reg_no`, `position_id`) VALUES ('71433897', '736217', 2);
INSERT INTO `unacademic_staff` (`unacademic_staff_reg_no`, `staff_staff_reg_no`, `position_id`) VALUES ('74157', '18807', 1);
INSERT INTO `unacademic_staff` (`unacademic_staff_reg_no`, `staff_staff_reg_no`, `position_id`) VALUES ('75', '717', 10);
INSERT INTO `unacademic_staff` (`unacademic_staff_reg_no`, `staff_staff_reg_no`, `position_id`) VALUES ('755', '16994965', 7);
INSERT INTO `unacademic_staff` (`unacademic_staff_reg_no`, `staff_staff_reg_no`, `position_id`) VALUES ('7642786', '2842', 2);
INSERT INTO `unacademic_staff` (`unacademic_staff_reg_no`, `staff_staff_reg_no`, `position_id`) VALUES ('7703305', '29577', 3);
INSERT INTO `unacademic_staff` (`unacademic_staff_reg_no`, `staff_staff_reg_no`, `position_id`) VALUES ('781', '942102', 3);
INSERT INTO `unacademic_staff` (`unacademic_staff_reg_no`, `staff_staff_reg_no`, `position_id`) VALUES ('79', '48128', 4);
INSERT INTO `unacademic_staff` (`unacademic_staff_reg_no`, `staff_staff_reg_no`, `position_id`) VALUES ('8', '84865159', 1);
INSERT INTO `unacademic_staff` (`unacademic_staff_reg_no`, `staff_staff_reg_no`, `position_id`) VALUES ('827100540', '6223815', 8);
INSERT INTO `unacademic_staff` (`unacademic_staff_reg_no`, `staff_staff_reg_no`, `position_id`) VALUES ('831864246', '905795', 8);
INSERT INTO `unacademic_staff` (`unacademic_staff_reg_no`, `staff_staff_reg_no`, `position_id`) VALUES ('835891', '3091756', 5);
INSERT INTO `unacademic_staff` (`unacademic_staff_reg_no`, `staff_staff_reg_no`, `position_id`) VALUES ('858868', '2687', 10);
INSERT INTO `unacademic_staff` (`unacademic_staff_reg_no`, `staff_staff_reg_no`, `position_id`) VALUES ('85927388', '89', 4);
INSERT INTO `unacademic_staff` (`unacademic_staff_reg_no`, `staff_staff_reg_no`, `position_id`) VALUES ('8814', '9264047', 1);
INSERT INTO `unacademic_staff` (`unacademic_staff_reg_no`, `staff_staff_reg_no`, `position_id`) VALUES ('891380', '912', 9);
INSERT INTO `unacademic_staff` (`unacademic_staff_reg_no`, `staff_staff_reg_no`, `position_id`) VALUES ('9', '347153731', 3);
INSERT INTO `unacademic_staff` (`unacademic_staff_reg_no`, `staff_staff_reg_no`, `position_id`) VALUES ('9132', '96468', 8);
INSERT INTO `unacademic_staff` (`unacademic_staff_reg_no`, `staff_staff_reg_no`, `position_id`) VALUES ('916679', '4', 8);
INSERT INTO `unacademic_staff` (`unacademic_staff_reg_no`, `staff_staff_reg_no`, `position_id`) VALUES ('94869013', '227239949', 7);
INSERT INTO `unacademic_staff` (`unacademic_staff_reg_no`, `staff_staff_reg_no`, `position_id`) VALUES ('9547', '90169', 7);
INSERT INTO `unacademic_staff` (`unacademic_staff_reg_no`, `staff_staff_reg_no`, `position_id`) VALUES ('966', '89532', 6);
INSERT INTO `unacademic_staff` (`unacademic_staff_reg_no`, `staff_staff_reg_no`, `position_id`) VALUES ('988118', '75', 4);
INSERT INTO `unacademic_staff` (`unacademic_staff_reg_no`, `staff_staff_reg_no`, `position_id`) VALUES ('988162514', '672751', 3);


INSERT INTO `time_table` (`id`, `class_room_id`, `day_id`, `teacher_subject_id`, `time_slote_id`) VALUES (1, 1, 1, 1, 1);
INSERT INTO `time_table` (`id`, `class_room_id`, `day_id`, `teacher_subject_id`, `time_slote_id`) VALUES (2, 2, 2, 2, 2);
INSERT INTO `time_table` (`id`, `class_room_id`, `day_id`, `teacher_subject_id`, `time_slote_id`) VALUES (3, 3, 3, 3, 3);
INSERT INTO `time_table` (`id`, `class_room_id`, `day_id`, `teacher_subject_id`, `time_slote_id`) VALUES (4, 4, 4, 4, 4);
INSERT INTO `time_table` (`id`, `class_room_id`, `day_id`, `teacher_subject_id`, `time_slote_id`) VALUES (5, 5, 5, 5, 5);
INSERT INTO `time_table` (`id`, `class_room_id`, `day_id`, `teacher_subject_id`, `time_slote_id`) VALUES (6, 6, 6, 6, 6);
INSERT INTO `time_table` (`id`, `class_room_id`, `day_id`, `teacher_subject_id`, `time_slote_id`) VALUES (7, 7, 7, 7, 7);
INSERT INTO `time_table` (`id`, `class_room_id`, `day_id`, `teacher_subject_id`, `time_slote_id`) VALUES (8, 8, 1, 8, 8);
INSERT INTO `time_table` (`id`, `class_room_id`, `day_id`, `teacher_subject_id`, `time_slote_id`) VALUES (9, 9, 2, 9, 1);
INSERT INTO `time_table` (`id`, `class_room_id`, `day_id`, `teacher_subject_id`, `time_slote_id`) VALUES (10, 10, 3, 10, 2);
INSERT INTO `time_table` (`id`, `class_room_id`, `day_id`, `teacher_subject_id`, `time_slote_id`) VALUES (11, 1, 4, 11, 3);
INSERT INTO `time_table` (`id`, `class_room_id`, `day_id`, `teacher_subject_id`, `time_slote_id`) VALUES (12, 2, 5, 12, 4);
INSERT INTO `time_table` (`id`, `class_room_id`, `day_id`, `teacher_subject_id`, `time_slote_id`) VALUES (13, 3, 6, 13, 5);
INSERT INTO `time_table` (`id`, `class_room_id`, `day_id`, `teacher_subject_id`, `time_slote_id`) VALUES (14, 4, 7, 14, 6);
INSERT INTO `time_table` (`id`, `class_room_id`, `day_id`, `teacher_subject_id`, `time_slote_id`) VALUES (15, 5, 1, 15, 7);
INSERT INTO `time_table` (`id`, `class_room_id`, `day_id`, `teacher_subject_id`, `time_slote_id`) VALUES (16, 6, 2, 16, 8);
INSERT INTO `time_table` (`id`, `class_room_id`, `day_id`, `teacher_subject_id`, `time_slote_id`) VALUES (17, 7, 3, 17, 1);
INSERT INTO `time_table` (`id`, `class_room_id`, `day_id`, `teacher_subject_id`, `time_slote_id`) VALUES (18, 8, 4, 18, 2);
INSERT INTO `time_table` (`id`, `class_room_id`, `day_id`, `teacher_subject_id`, `time_slote_id`) VALUES (19, 9, 5, 19, 3);
INSERT INTO `time_table` (`id`, `class_room_id`, `day_id`, `teacher_subject_id`, `time_slote_id`) VALUES (20, 10, 6, 20, 4);
INSERT INTO `time_table` (`id`, `class_room_id`, `day_id`, `teacher_subject_id`, `time_slote_id`) VALUES (21, 1, 7, 21, 5);
INSERT INTO `time_table` (`id`, `class_room_id`, `day_id`, `teacher_subject_id`, `time_slote_id`) VALUES (22, 2, 1, 22, 6);
INSERT INTO `time_table` (`id`, `class_room_id`, `day_id`, `teacher_subject_id`, `time_slote_id`) VALUES (23, 3, 2, 23, 7);
INSERT INTO `time_table` (`id`, `class_room_id`, `day_id`, `teacher_subject_id`, `time_slote_id`) VALUES (24, 4, 3, 24, 8);
INSERT INTO `time_table` (`id`, `class_room_id`, `day_id`, `teacher_subject_id`, `time_slote_id`) VALUES (25, 5, 4, 25, 1);
INSERT INTO `time_table` (`id`, `class_room_id`, `day_id`, `teacher_subject_id`, `time_slote_id`) VALUES (26, 6, 5, 26, 2);
INSERT INTO `time_table` (`id`, `class_room_id`, `day_id`, `teacher_subject_id`, `time_slote_id`) VALUES (27, 7, 6, 27, 3);
INSERT INTO `time_table` (`id`, `class_room_id`, `day_id`, `teacher_subject_id`, `time_slote_id`) VALUES (28, 8, 7, 28, 4);
INSERT INTO `time_table` (`id`, `class_room_id`, `day_id`, `teacher_subject_id`, `time_slote_id`) VALUES (29, 9, 1, 29, 5);
INSERT INTO `time_table` (`id`, `class_room_id`, `day_id`, `teacher_subject_id`, `time_slote_id`) VALUES (30, 10, 2, 30, 6);
INSERT INTO `time_table` (`id`, `class_room_id`, `day_id`, `teacher_subject_id`, `time_slote_id`) VALUES (31, 1, 3, 31, 7);
INSERT INTO `time_table` (`id`, `class_room_id`, `day_id`, `teacher_subject_id`, `time_slote_id`) VALUES (32, 2, 4, 32, 8);
INSERT INTO `time_table` (`id`, `class_room_id`, `day_id`, `teacher_subject_id`, `time_slote_id`) VALUES (33, 3, 5, 33, 1);
INSERT INTO `time_table` (`id`, `class_room_id`, `day_id`, `teacher_subject_id`, `time_slote_id`) VALUES (34, 4, 6, 34, 2);
INSERT INTO `time_table` (`id`, `class_room_id`, `day_id`, `teacher_subject_id`, `time_slote_id`) VALUES (35, 5, 7, 35, 3);
INSERT INTO `time_table` (`id`, `class_room_id`, `day_id`, `teacher_subject_id`, `time_slote_id`) VALUES (36, 6, 1, 36, 4);
INSERT INTO `time_table` (`id`, `class_room_id`, `day_id`, `teacher_subject_id`, `time_slote_id`) VALUES (37, 7, 2, 37, 5);
INSERT INTO `time_table` (`id`, `class_room_id`, `day_id`, `teacher_subject_id`, `time_slote_id`) VALUES (38, 8, 3, 38, 6);
INSERT INTO `time_table` (`id`, `class_room_id`, `day_id`, `teacher_subject_id`, `time_slote_id`) VALUES (39, 9, 4, 39, 7);
INSERT INTO `time_table` (`id`, `class_room_id`, `day_id`, `teacher_subject_id`, `time_slote_id`) VALUES (40, 10, 5, 40, 8);
INSERT INTO `time_table` (`id`, `class_room_id`, `day_id`, `teacher_subject_id`, `time_slote_id`) VALUES (41, 1, 6, 41, 1);
INSERT INTO `time_table` (`id`, `class_room_id`, `day_id`, `teacher_subject_id`, `time_slote_id`) VALUES (42, 2, 7, 42, 2);
INSERT INTO `time_table` (`id`, `class_room_id`, `day_id`, `teacher_subject_id`, `time_slote_id`) VALUES (43, 3, 1, 43, 3);
INSERT INTO `time_table` (`id`, `class_room_id`, `day_id`, `teacher_subject_id`, `time_slote_id`) VALUES (44, 4, 2, 44, 4);
INSERT INTO `time_table` (`id`, `class_room_id`, `day_id`, `teacher_subject_id`, `time_slote_id`) VALUES (45, 5, 3, 45, 5);
INSERT INTO `time_table` (`id`, `class_room_id`, `day_id`, `teacher_subject_id`, `time_slote_id`) VALUES (46, 6, 4, 46, 6);
INSERT INTO `time_table` (`id`, `class_room_id`, `day_id`, `teacher_subject_id`, `time_slote_id`) VALUES (47, 7, 5, 47, 7);
INSERT INTO `time_table` (`id`, `class_room_id`, `day_id`, `teacher_subject_id`, `time_slote_id`) VALUES (48, 8, 6, 48, 8);
INSERT INTO `time_table` (`id`, `class_room_id`, `day_id`, `teacher_subject_id`, `time_slote_id`) VALUES (49, 9, 7, 49, 1);
INSERT INTO `time_table` (`id`, `class_room_id`, `day_id`, `teacher_subject_id`, `time_slote_id`) VALUES (50, 10, 1, 50, 2);
INSERT INTO `time_table` (`id`, `class_room_id`, `day_id`, `teacher_subject_id`, `time_slote_id`) VALUES (51, 1, 2, 51, 3);
INSERT INTO `time_table` (`id`, `class_room_id`, `day_id`, `teacher_subject_id`, `time_slote_id`) VALUES (52, 2, 3, 52, 4);
INSERT INTO `time_table` (`id`, `class_room_id`, `day_id`, `teacher_subject_id`, `time_slote_id`) VALUES (53, 3, 4, 53, 5);
INSERT INTO `time_table` (`id`, `class_room_id`, `day_id`, `teacher_subject_id`, `time_slote_id`) VALUES (54, 4, 5, 54, 6);
INSERT INTO `time_table` (`id`, `class_room_id`, `day_id`, `teacher_subject_id`, `time_slote_id`) VALUES (55, 5, 6, 55, 7);
INSERT INTO `time_table` (`id`, `class_room_id`, `day_id`, `teacher_subject_id`, `time_slote_id`) VALUES (56, 6, 7, 56, 8);
INSERT INTO `time_table` (`id`, `class_room_id`, `day_id`, `teacher_subject_id`, `time_slote_id`) VALUES (57, 7, 1, 57, 1);
INSERT INTO `time_table` (`id`, `class_room_id`, `day_id`, `teacher_subject_id`, `time_slote_id`) VALUES (58, 8, 2, 58, 2);
INSERT INTO `time_table` (`id`, `class_room_id`, `day_id`, `teacher_subject_id`, `time_slote_id`) VALUES (59, 9, 3, 59, 3);
INSERT INTO `time_table` (`id`, `class_room_id`, `day_id`, `teacher_subject_id`, `time_slote_id`) VALUES (60, 10, 4, 60, 4);
INSERT INTO `time_table` (`id`, `class_room_id`, `day_id`, `teacher_subject_id`, `time_slote_id`) VALUES (61, 1, 5, 61, 5);
INSERT INTO `time_table` (`id`, `class_room_id`, `day_id`, `teacher_subject_id`, `time_slote_id`) VALUES (62, 2, 6, 62, 6);
INSERT INTO `time_table` (`id`, `class_room_id`, `day_id`, `teacher_subject_id`, `time_slote_id`) VALUES (63, 3, 7, 63, 7);
INSERT INTO `time_table` (`id`, `class_room_id`, `day_id`, `teacher_subject_id`, `time_slote_id`) VALUES (64, 4, 1, 64, 8);
INSERT INTO `time_table` (`id`, `class_room_id`, `day_id`, `teacher_subject_id`, `time_slote_id`) VALUES (65, 5, 2, 65, 1);
INSERT INTO `time_table` (`id`, `class_room_id`, `day_id`, `teacher_subject_id`, `time_slote_id`) VALUES (66, 6, 3, 66, 2);
INSERT INTO `time_table` (`id`, `class_room_id`, `day_id`, `teacher_subject_id`, `time_slote_id`) VALUES (67, 7, 4, 67, 3);
INSERT INTO `time_table` (`id`, `class_room_id`, `day_id`, `teacher_subject_id`, `time_slote_id`) VALUES (68, 8, 5, 68, 4);
INSERT INTO `time_table` (`id`, `class_room_id`, `day_id`, `teacher_subject_id`, `time_slote_id`) VALUES (69, 9, 6, 69, 5);
INSERT INTO `time_table` (`id`, `class_room_id`, `day_id`, `teacher_subject_id`, `time_slote_id`) VALUES (70, 10, 7, 70, 6);
INSERT INTO `time_table` (`id`, `class_room_id`, `day_id`, `teacher_subject_id`, `time_slote_id`) VALUES (71, 1, 1, 71, 7);
INSERT INTO `time_table` (`id`, `class_room_id`, `day_id`, `teacher_subject_id`, `time_slote_id`) VALUES (72, 2, 2, 72, 8);
INSERT INTO `time_table` (`id`, `class_room_id`, `day_id`, `teacher_subject_id`, `time_slote_id`) VALUES (73, 3, 3, 73, 1);
INSERT INTO `time_table` (`id`, `class_room_id`, `day_id`, `teacher_subject_id`, `time_slote_id`) VALUES (74, 4, 4, 74, 2);
INSERT INTO `time_table` (`id`, `class_room_id`, `day_id`, `teacher_subject_id`, `time_slote_id`) VALUES (75, 5, 5, 75, 3);
INSERT INTO `time_table` (`id`, `class_room_id`, `day_id`, `teacher_subject_id`, `time_slote_id`) VALUES (76, 6, 6, 76, 4);
INSERT INTO `time_table` (`id`, `class_room_id`, `day_id`, `teacher_subject_id`, `time_slote_id`) VALUES (77, 7, 7, 77, 5);
INSERT INTO `time_table` (`id`, `class_room_id`, `day_id`, `teacher_subject_id`, `time_slote_id`) VALUES (78, 8, 1, 78, 6);
INSERT INTO `time_table` (`id`, `class_room_id`, `day_id`, `teacher_subject_id`, `time_slote_id`) VALUES (79, 9, 2, 79, 7);
INSERT INTO `time_table` (`id`, `class_room_id`, `day_id`, `teacher_subject_id`, `time_slote_id`) VALUES (80, 10, 3, 80, 8);
INSERT INTO `time_table` (`id`, `class_room_id`, `day_id`, `teacher_subject_id`, `time_slote_id`) VALUES (81, 1, 4, 81, 1);
INSERT INTO `time_table` (`id`, `class_room_id`, `day_id`, `teacher_subject_id`, `time_slote_id`) VALUES (82, 2, 5, 82, 2);
INSERT INTO `time_table` (`id`, `class_room_id`, `day_id`, `teacher_subject_id`, `time_slote_id`) VALUES (83, 3, 6, 83, 3);
INSERT INTO `time_table` (`id`, `class_room_id`, `day_id`, `teacher_subject_id`, `time_slote_id`) VALUES (84, 4, 7, 84, 4);
INSERT INTO `time_table` (`id`, `class_room_id`, `day_id`, `teacher_subject_id`, `time_slote_id`) VALUES (85, 5, 1, 85, 5);
INSERT INTO `time_table` (`id`, `class_room_id`, `day_id`, `teacher_subject_id`, `time_slote_id`) VALUES (86, 6, 2, 86, 6);
INSERT INTO `time_table` (`id`, `class_room_id`, `day_id`, `teacher_subject_id`, `time_slote_id`) VALUES (87, 7, 3, 87, 7);
INSERT INTO `time_table` (`id`, `class_room_id`, `day_id`, `teacher_subject_id`, `time_slote_id`) VALUES (88, 8, 4, 88, 8);
INSERT INTO `time_table` (`id`, `class_room_id`, `day_id`, `teacher_subject_id`, `time_slote_id`) VALUES (89, 9, 5, 89, 1);
INSERT INTO `time_table` (`id`, `class_room_id`, `day_id`, `teacher_subject_id`, `time_slote_id`) VALUES (90, 10, 6, 90, 2);
INSERT INTO `time_table` (`id`, `class_room_id`, `day_id`, `teacher_subject_id`, `time_slote_id`) VALUES (91, 1, 7, 91, 3);
INSERT INTO `time_table` (`id`, `class_room_id`, `day_id`, `teacher_subject_id`, `time_slote_id`) VALUES (92, 2, 1, 92, 4);
INSERT INTO `time_table` (`id`, `class_room_id`, `day_id`, `teacher_subject_id`, `time_slote_id`) VALUES (93, 3, 2, 93, 5);
INSERT INTO `time_table` (`id`, `class_room_id`, `day_id`, `teacher_subject_id`, `time_slote_id`) VALUES (94, 4, 3, 94, 6);
INSERT INTO `time_table` (`id`, `class_room_id`, `day_id`, `teacher_subject_id`, `time_slote_id`) VALUES (95, 5, 4, 95, 7);
INSERT INTO `time_table` (`id`, `class_room_id`, `day_id`, `teacher_subject_id`, `time_slote_id`) VALUES (96, 6, 5, 96, 8);
INSERT INTO `time_table` (`id`, `class_room_id`, `day_id`, `teacher_subject_id`, `time_slote_id`) VALUES (97, 7, 6, 97, 1);
INSERT INTO `time_table` (`id`, `class_room_id`, `day_id`, `teacher_subject_id`, `time_slote_id`) VALUES (98, 8, 7, 98, 2);
INSERT INTO `time_table` (`id`, `class_room_id`, `day_id`, `teacher_subject_id`, `time_slote_id`) VALUES (99, 9, 1, 99, 3);
INSERT INTO `time_table` (`id`, `class_room_id`, `day_id`, `teacher_subject_id`, `time_slote_id`) VALUES (100, 10, 2, 100, 4);



INSERT INTO `announcement` (`announcement_id`, `details`, `publish_date`, `title`, `system_users_id`) VALUES (1, 'Mouse was speaking, so that by the whole place around her became alive with the glass table as before, \'and things are worse than ever,\' thought the whole party look so grave that she was to get.', '2016-09-16', 'Quam minus qui rerum atque rerum quia necessitatibus et.', 1);
INSERT INTO `announcement` (`announcement_id`, `details`, `publish_date`, `title`, `system_users_id`) VALUES (6, 'First, because I\'m on the top of its mouth again, and Alice looked at Alice, and sighing. \'It IS a Caucus-race?\' said Alice; \'but when you come to the puppy; whereupon the puppy began a series of.', '1992-11-11', 'Voluptatum veniam doloribus dolorum et.', 6);
INSERT INTO `announcement` (`announcement_id`, `details`, `publish_date`, `title`, `system_users_id`) VALUES (7, 'Mock Turtle said with a round face, and large eyes full of smoke from one foot to the jury, and the little door was shut again, and the soldiers had to kneel down on her lap as if he wasn\'t one?\'.', '2001-06-27', 'Repellendus omnis fugit sit soluta ut perferendis.', 7);
INSERT INTO `announcement` (`announcement_id`, `details`, `publish_date`, `title`, `system_users_id`) VALUES (8, 'Alice recognised the White Rabbit. She was walking hand in hand with Dinah, and saying to her ear, and whispered \'She\'s under sentence of execution. Then the Queen said to herself how this same.', '2019-10-13', 'Similique nam et fugit error distinctio voluptatem quae.', 8);
INSERT INTO `announcement` (`announcement_id`, `details`, `publish_date`, `title`, `system_users_id`) VALUES (9, 'Hatter. Alice felt a little faster?\" said a timid and tremulous sound.] \'That\'s different from what I used to read fairy-tales, I fancied that kind of serpent, that\'s all the while, and fighting for.', '2003-03-10', 'Modi delectus dicta ipsam.', 9);
